"matched_taxon_name","Kingdom","Phylum","Class","Subclass","Infraclass","Subterclass","Superorder","Order","Superfamily","Family","Genus","Species","Subfamily","Tribe","Subphylum","Suborder","Superclass","Subgenus","Infraorder","Parvorder","Subspecies","Section","Subsection","Flokkun","id","N","Artal","skipting","stod","Nu","gamalt","A","worms","Nfm","Major Group","Family code","Species code","Taxon name","Food Source","Motility","Habit","Om/Ca/He","Food size/type","FeedMode","Feeding guild"
"Ampharete","Animalia","Annelida","Polychaeta","Sedentaria","Canalipalpata","","","Terebellida","","Ampharetidae","Ampharete","Ampharete acutifrons","Ampharetinae","Ampharetini","","Terebelliformia","","","","","","","","Ampharetinae","E3",14,1999,1,"E3",14,"Ampharete acutifrons","129775",129775,622,"POSE","0242","0070","Ampharete spp.","SR","D","T","Om","sed/pom/mic/dia","De","SR-De"
"Amphipoda","Animalia","Arthropoda","Malacostraca","Eumalacostraca","","","Peracarida","Amphipoda","","","","","","","Crustacea","","Multicrustacea","","","","","","","Amphipoda","E4B",11,2016,4,"E4",44,"Amphipoda","1135",1135,367,"CRAM","0000","0001","Amphipoda indet.","SR","M","F","Om","mic/dia","Br/Gr","SR-Om-mic"
"Balanus","Animalia","Arthropoda","Thecostraca","Cirripedia","Thoracica","","Thoracicalcarea","Balanomorpha","Balanoidea","Balanidae","Balanus","","Balaninae","","Crustacea","","Multicrustacea","","","","","","","Balanus","E3C",96,2014,1,"E3",96,"Balanus","106122",106122,800,"CRCI","0690","0020","Balanus sp.","EP","S","R","Om","pom/phy/zoo","Su","EP-Su"
"Balanus","Animalia","Arthropoda","Thecostraca","Cirripedia","Thoracica","","Thoracicalcarea","Balanomorpha","Balanoidea","Balanidae","Balanus","","Balaninae","","Crustacea","","Multicrustacea","","","","","","","Balanus","E4A",180,2017,1,"E4",180,"Balanus nýsestir","106122",106122,1500,"CRCI","0690","0020","Balanus sp.","EP","S","R","Om","pom/phy/zoo","Su","EP-Su"
"Balanus","Animalia","Arthropoda","Thecostraca","Cirripedia","Thoracica","","Thoracicalcarea","Balanomorpha","Balanoidea","Balanidae","Balanus","","Balaninae","","Crustacea","","Multicrustacea","","","","","","","Balanus","E3B",96,2014,1,"E3",96,"Balanus","106122",106122,800,"CRCI","0690","0020","Balanus sp.","EP","S","R","Om","pom/phy/zoo","Su","EP-Su"
"Balanus","Animalia","Arthropoda","Thecostraca","Cirripedia","Thoracica","","Thoracicalcarea","Balanomorpha","Balanoidea","Balanidae","Balanus","","Balaninae","","Crustacea","","Multicrustacea","","","","","","","Balanus","E3A",172,2014,1,"E3",172,"Balanus","106122",106122,1433,"CRCI","0690","0020","Balanus sp.","EP","S","R","Om","pom/phy/zoo","Su","EP-Su"
"Balanus","Animalia","Arthropoda","Thecostraca","Cirripedia","Thoracica","","Thoracicalcarea","Balanomorpha","Balanoidea","Balanidae","Balanus","","Balaninae","","Crustacea","","Multicrustacea","","","","","","","Balanus","C4B",100,2015,1,"C4",100,"Balanus","106122",106122,833,"CRCI","0690","0020","Balanus sp.","EP","S","R","Om","pom/phy/zoo","Su","EP-Su"
"Bivalvia","Animalia","Mollusca","Bivalvia","Autobranchia","Heteroconchia","Euheterodonta","Imparidentia","Venerida","Arcticoidea","Arcticidae","Arctica","Arctica islandica","","","","","","","","","","","","Arctica islandica","B8",9,1999,1,"B8",9,"Arctica islandica","138802",138802,400,"MOBI","0000","0001","Bivalvia indet.","EP","D","F","Om","pom/phy","Su","EP-Su"
"Capitellidae","Animalia","Annelida","Polychaeta","Sedentaria","Scolecida","","","","","Capitellidae","Capitella","Capitella capitata","","","","","","","","","","","","Capitella capitata","U2B",389,2013,1,"U2",389,"Capitella capitata","129876",129876,3242,"POSE","0248","0248","Capitellidae indet.","SS","D","F","Om","sed/pom/mic","De","SS-De"
"Capitellidae","Animalia","Annelida","Polychaeta","Sedentaria","Scolecida","","","","","Capitellidae","Capitella","Capitella capitata","","","","","","","","","","","","Capitella capitata","C4A",151,2013,1,"C4",151,"Capitella capitata","129876",129876,1258,"POSE","0248","0248","Capitellidae indet.","SS","D","F","Om","sed/pom/mic","De","SS-De"
"Capitellidae","Animalia","Annelida","Polychaeta","Sedentaria","Scolecida","","","","","Capitellidae","Capitella","Capitella capitata","","","","","","","","","","","","Capitella capitata","B8B",5,2013,8,"B8",40,"Capitella capitata","129876",129876,333,"POSE","0248","0248","Capitellidae indet.","SS","D","F","Om","sed/pom/mic","De","SS-De"
"Capitellidae","Animalia","Annelida","Polychaeta","Sedentaria","Scolecida","","","","","Capitellidae","Capitella","Capitella capitata","","","","","","","","","","","","Capitella capitata","C4A",7,2013,8,"C4",56,"Capitella capitata","129876",129876,467,"POSE","0248","0248","Capitellidae indet.","SS","D","F","Om","sed/pom/mic","De","SS-De"
"Capitellidae","Animalia","Annelida","Polychaeta","Sedentaria","Scolecida","","","","","Capitellidae","Capitella","Capitella capitata","","","","","","","","","","","","Capitella capitata","U2C",356,2013,1,"U2",356,"Capitella capitata","129876",129876,2967,"POSE","0248","0248","Capitellidae indet.","SS","D","F","Om","sed/pom/mic","De","SS-De"
"Capitellidae","Animalia","Annelida","Polychaeta","Sedentaria","Scolecida","","","","","Capitellidae","Capitella","Capitella capitata","","","","","","","","","","","","Capitella capitata","U2B",25,2013,8,"U2",200,"Capitella capitata","129876",129876,1667,"POSE","0248","0248","Capitellidae indet.","SS","D","F","Om","sed/pom/mic","De","SS-De"
"Capitellidae","Animalia","Annelida","Polychaeta","Sedentaria","Scolecida","","","","","Capitellidae","Capitella","Capitella capitata","","","","","","","","","","","","Capitella capitata","B5A",311,2013,1,"B5",311,"Capitella capitata","129876",129876,2592,"POSE","0248","0248","Capitellidae indet.","SS","D","F","Om","sed/pom/mic","De","SS-De"
"Capitellidae","Animalia","Annelida","Polychaeta","Sedentaria","Scolecida","","","","","Capitellidae","Capitella","Capitella capitata","","","","","","","","","","","","Capitella capitata","E4C",30,2013,8,"E4",240,"Capitella capitata","129876",129876,2000,"POSE","0248","0248","Capitellidae indet.","SS","D","F","Om","sed/pom/mic","De","SS-De"
"Capitellidae","Animalia","Annelida","Polychaeta","Sedentaria","Scolecida","","","","","Capitellidae","Capitella","Capitella capitata","","","","","","","","","","","","Capitella capitata","E4C",219,2013,1,"E4",219,"Capitella capitata","129876",129876,1825,"POSE","0248","0248","Capitellidae indet.","SS","D","F","Om","sed/pom/mic","De","SS-De"
"Capitellidae","Animalia","Annelida","Polychaeta","Sedentaria","Scolecida","","","","","Capitellidae","Capitella","Capitella capitata","","","","","","","","","","","","Capitella capitata","E4B",80,2013,8,"E4",640,"Capitella capitata","129876",129876,5333,"POSE","0248","0248","Capitellidae indet.","SS","D","F","Om","sed/pom/mic","De","SS-De"
"Capitellidae","Animalia","Annelida","Polychaeta","Sedentaria","Scolecida","","","","","Capitellidae","Capitella","Capitella capitata","","","","","","","","","","","","Capitella capitata","U2C",20,2013,8,"U2",160,"Capitella capitata","129876",129876,1333,"POSE","0248","0248","Capitellidae indet.","SS","D","F","Om","sed/pom/mic","De","SS-De"
"Capitellidae","Animalia","Annelida","Polychaeta","Sedentaria","Scolecida","","","","","Capitellidae","Capitella","Capitella capitata","","","","","","","","","","","","Capitella capitata","B5B",20,2013,8,"B5",160,"Capitella capitata","129876",129876,1333,"POSE","0248","0248","Capitellidae indet.","SS","D","F","Om","sed/pom/mic","De","SS-De"
"Capitellidae","Animalia","Annelida","Polychaeta","Sedentaria","Scolecida","","","","","Capitellidae","Capitella","Capitella capitata","","","","","","","","","","","","Capitella capitata","B5B",244,2013,1,"B5",244,"Capitella capitata","129876",129876,2033,"POSE","0248","0248","Capitellidae indet.","SS","D","F","Om","sed/pom/mic","De","SS-De"
"Capitellidae","Animalia","Annelida","Polychaeta","Sedentaria","Scolecida","","","","","Capitellidae","Capitella","Capitella capitata","","","","","","","","","","","","Capitella capitata","E3D",1389,2013,1,"E3",1389,"Capitella capitata","129876",129876,11575,"POSE","0248","0248","Capitellidae indet.","SS","D","F","Om","sed/pom/mic","De","SS-De"
"Capitellidae","Animalia","Annelida","Polychaeta","Sedentaria","Scolecida","","","","","Capitellidae","Capitella","Capitella capitata","","","","","","","","","","","","Capitella capitata","E4B",254,2013,1,"E4",254,"Capitella capitata","129876",129876,2117,"POSE","0248","0248","Capitellidae indet.","SS","D","F","Om","sed/pom/mic","De","SS-De"
"Capitellidae","Animalia","Annelida","Polychaeta","Sedentaria","Scolecida","","","","","Capitellidae","Capitella","Capitella capitata","","","","","","","","","","","","Capitella capitata","U2A",81,2013,1,"U2",81,"Capitella capitata","129876",129876,675,"POSE","0248","0248","Capitellidae indet.","SS","D","F","Om","sed/pom/mic","De","SS-De"
"Capitellidae","Animalia","Annelida","Polychaeta","Sedentaria","Scolecida","","","","","Capitellidae","Capitella","Capitella capitata","","","","","","","","","","","","Capitella capitata","U2A",6,2013,8,"U2",48,"Capitella capitata","129876",129876,400,"POSE","0248","0248","Capitellidae indet.","SS","D","F","Om","sed/pom/mic","De","SS-De"
"Capitellidae","Animalia","Annelida","Polychaeta","Sedentaria","Scolecida","","","","","Capitellidae","Capitella","Capitella capitata","","","","","","","","","","","","Capitella capitata","C4B",12,2013,8,"C4",96,"Capitella capitata","129876",129876,800,"POSE","0248","0248","Capitellidae indet.","SS","D","F","Om","sed/pom/mic","De","SS-De"
"Capitellidae","Animalia","Annelida","Polychaeta","Sedentaria","Scolecida","","","","","Capitellidae","Capitella","Capitella capitata","","","","","","","","","","","","Capitella capitata","E3A",192,2013,1,"E3",192,"Capitella capitata","129876",129876,1600,"POSE","0248","0248","Capitellidae indet.","SS","D","F","Om","sed/pom/mic","De","SS-De"
"Capitellidae","Animalia","Annelida","Polychaeta","Sedentaria","Scolecida","","","","","Capitellidae","Capitella","Capitella capitata","","","","","","","","","","","","Capitella capitata","B5A",12,2013,8,"B5",96,"Capitella capitata","129876",129876,800,"POSE","0248","0248","Capitellidae indet.","SS","D","F","Om","sed/pom/mic","De","SS-De"
"Capitellidae","Animalia","Annelida","Polychaeta","Sedentaria","Scolecida","","","","","Capitellidae","Capitella","Capitella capitata","","","","","","","","","","","","Capitella capitata","E4A",84,2013,8,"E4",672,"Capitella capitata","129876",129876,5600,"POSE","0248","0248","Capitellidae indet.","SS","D","F","Om","sed/pom/mic","De","SS-De"
"Capitellidae","Animalia","Annelida","Polychaeta","Sedentaria","Scolecida","","","","","Capitellidae","Capitella","Capitella capitata","","","","","","","","","","","","Capitella capitata","B8C",62,2014,4,"B8",248,"Capitella capitata","129876",129876,2067,"POSE","0248","0248","Capitellidae indet.","SS","D","F","Om","sed/pom/mic","De","SS-De"
"Capitellidae","Animalia","Annelida","Polychaeta","Sedentaria","Scolecida","","","","","Capitellidae","Capitella","Capitella capitata","","","","","","","","","","","","Capitella capitata","E3B",820,2013,1,"E3",820,"Capitella capitata","129876",129876,6833,"POSE","0248","0248","Capitellidae indet.","SS","D","F","Om","sed/pom/mic","De","SS-De"
"Capitellidae","Animalia","Annelida","Polychaeta","Sedentaria","Scolecida","","","","","Capitellidae","Capitella","Capitella capitata","","","","","","","","","","","","Capitella capitata","A7A",104,2014,4,"A7",416,"Capitella capitata","129876",129876,3467,"POSE","0248","0248","Capitellidae indet.","SS","D","F","Om","sed/pom/mic","De","SS-De"
"Capitellidae","Animalia","Annelida","Polychaeta","Sedentaria","Scolecida","","","","","Capitellidae","Capitella","Capitella capitata","","","","","","","","","","","","Capitella capitata","A7B",36,2014,4,"A7",144,"Capitella capitata","129876",129876,1200,"POSE","0248","0248","Capitellidae indet.","SS","D","F","Om","sed/pom/mic","De","SS-De"
"Capitellidae","Animalia","Annelida","Polychaeta","Sedentaria","Scolecida","","","","","Capitellidae","Capitella","Capitella capitata","","","","","","","","","","","","Capitella capitata","B5A",83,2014,1,"B5",83,"Capitella capitata","129876",129876,692,"POSE","0248","0248","Capitellidae indet.","SS","D","F","Om","sed/pom/mic","De","SS-De"
"Capitellidae","Animalia","Annelida","Polychaeta","Sedentaria","Scolecida","","","","","Capitellidae","Capitella","Capitella capitata","","","","","","","","","","","","Capitella capitata","E4A",505,2013,1,"E4",505,"Capitella capitata","129876",129876,4208,"POSE","0248","0248","Capitellidae indet.","SS","D","F","Om","sed/pom/mic","De","SS-De"
"Capitellidae","Animalia","Annelida","Polychaeta","Sedentaria","Scolecida","","","","","Capitellidae","Capitella","Capitella capitata","","","","","","","","","","","","Capitella capitata","E3B",230,2013,2,"E3",460,"Capitella capitata","129876",129876,3833,"POSE","0248","0248","Capitellidae indet.","SS","D","F","Om","sed/pom/mic","De","SS-De"
"Capitellidae","Animalia","Annelida","Polychaeta","Sedentaria","Scolecida","","","","","Capitellidae","Capitella","Capitella capitata","","","","","","","","","","","","Capitella capitata","B8B",31,2014,4,"B8",124,"Capitella capitata","129876",129876,1033,"POSE","0248","0248","Capitellidae indet.","SS","D","F","Om","sed/pom/mic","De","SS-De"
"Capitellidae","Animalia","Annelida","Polychaeta","Sedentaria","Scolecida","","","","","Capitellidae","Capitella","Capitella capitata","","","","","","","","","","","","Capitella capitata","B5C",76,2013,1,"B5",76,"Capitella capitata","129876",129876,633,"POSE","0248","0248","Capitellidae indet.","SS","D","F","Om","sed/pom/mic","De","SS-De"
"Capitellidae","Animalia","Annelida","Polychaeta","Sedentaria","Scolecida","","","","","Capitellidae","Capitella","Capitella capitata","","","","","","","","","","","","Capitella capitata","C4B",238,2013,1,"C4",238,"Capitella capitata","129876",129876,1983,"POSE","0248","0248","Capitellidae indet.","SS","D","F","Om","sed/pom/mic","De","SS-De"
"Capitellidae","Animalia","Annelida","Polychaeta","Sedentaria","Scolecida","","","","","Capitellidae","Capitella","Capitella capitata","","","","","","","","","","","","Capitella capitata","A7C",61,2014,4,"A7",244,"Capitella capitata","129876",129876,2033,"POSE","0248","0248","Capitellidae indet.","SS","D","F","Om","sed/pom/mic","De","SS-De"
"Capitellidae","Animalia","Annelida","Polychaeta","Sedentaria","Scolecida","","","","","Capitellidae","Capitella","Capitella capitata","","","","","","","","","","","","Capitella capitata","E4C",34,2014,4,"E4",136,"Capitella capitata","129876",129876,1133,"POSE","0248","0248","Capitellidae indet.","SS","D","F","Om","sed/pom/mic","De","SS-De"
"Capitellidae","Animalia","Annelida","Polychaeta","Sedentaria","Scolecida","","","","","Capitellidae","Capitella","Capitella capitata","","","","","","","","","","","","Capitella capitata","C4C",133,2013,1,"C4",133,"Capitella capitata","129876",129876,1108,"POSE","0248","0248","Capitellidae indet.","SS","D","F","Om","sed/pom/mic","De","SS-De"
"Capitellidae","Animalia","Annelida","Polychaeta","Sedentaria","Scolecida","","","","","Capitellidae","Capitella","Capitella capitata","","","","","","","","","","","","Capitella capitata","B5C",57,2014,1,"B5",57,"Capitella capitata","129876",129876,475,"POSE","0248","0248","Capitellidae indet.","SS","D","F","Om","sed/pom/mic","De","SS-De"
"Capitellidae","Animalia","Annelida","Polychaeta","Sedentaria","Scolecida","","","","","Capitellidae","Capitella","Capitella capitata","","","","","","","","","","","","Capitella capitata","B5C",41,2013,8,"B5",328,"Capitella capitata","129876",129876,2733,"POSE","0248","0248","Capitellidae indet.","SS","D","F","Om","sed/pom/mic","De","SS-De"
"Capitellidae","Animalia","Annelida","Polychaeta","Sedentaria","Scolecida","","","","","Capitellidae","Capitella","Capitella capitata","","","","","","","","","","","","Capitella capitata","B0C",139,2013,1,"B0",139,"Capitella capitata","129876",129876,1158,"POSE","0248","0248","Capitellidae indet.","SS","D","F","Om","sed/pom/mic","De","SS-De"
"Capitellidae","Animalia","Annelida","Polychaeta","Sedentaria","Scolecida","","","","","Capitellidae","Capitella","Capitella capitata","","","","","","","","","","","","Capitella capitata","B8C",105,2013,1,"B8",105,"Capitella capitata","129876",129876,875,"POSE","0248","0248","Capitellidae indet.","SS","D","F","Om","sed/pom/mic","De","SS-De"
"Capitellidae","Animalia","Annelida","Polychaeta","Sedentaria","Scolecida","","","","","Capitellidae","Capitella","Capitella capitata","","","","","","","","","","","","Capitella capitata","C4C",30,2013,8,"C4",240,"Capitella capitata","129876",129876,2000,"POSE","0248","0248","Capitellidae indet.","SS","D","F","Om","sed/pom/mic","De","SS-De"
"Capitellidae","Animalia","Annelida","Polychaeta","Sedentaria","Scolecida","","","","","Capitellidae","Capitella","Capitella capitata","","","","","","","","","","","","Capitella capitata","B8C",19,2013,8,"B8",152,"Capitella capitata","129876",129876,1267,"POSE","0248","0248","Capitellidae indet.","SS","D","F","Om","sed/pom/mic","De","SS-De"
"Caprella","Animalia","Arthropoda","Malacostraca","Eumalacostraca","","","Peracarida","Amphipoda","Caprelloidea","Caprellidae","Caprella","Caprella septentrionalis","Caprellinae","","Crustacea","Senticaudata","Multicrustacea","","Corophiida","Caprellidira","","","","Caprella septentrionalis","E4",16,1999,1,"E4",16,"Caprella septentrionalis","101851",101851,711,"CRAM","0782","0330","Caprella spp.","SR","M","F","He","dia","Gr","SR-He-mic"
"Chaetozone setosa","Animalia","Annelida","Polychaeta","Sedentaria","Canalipalpata","","","Terebellida","","Cirratulidae","Chaetozone","Chaetozone setosa","","","","Cirratuliformia","","","","","","","","Chaetozone setosa","U2A",39,2013,1,"U2",39,"Chaetozone setosa","129955",129955,325,"POSE","0252","0500","Chaetozone setosa","SR","D","F","Om","sed/pom/mic/dia","De","SR-De"
"Chaetozone setosa","Animalia","Annelida","Polychaeta","Sedentaria","Canalipalpata","","","Terebellida","","Cirratulidae","Chaetozone","Chaetozone setosa","","","","Cirratuliformia","","","","","","","","Chaetozone setosa","E3A",119,2013,1,"E3",119,"Chaetozone setosa","129955",129955,992,"POSE","0252","0500","Chaetozone setosa","SR","D","F","Om","sed/pom/mic/dia","De","SR-De"
"Chaetozone setosa","Animalia","Annelida","Polychaeta","Sedentaria","Canalipalpata","","","Terebellida","","Cirratulidae","Chaetozone","Chaetozone setosa","","","","Cirratuliformia","","","","","","","","Chaetozone setosa","U2B",50,2013,1,"U2",50,"Chaetozone setosa","129955",129955,417,"POSE","0252","0500","Chaetozone setosa","SR","D","F","Om","sed/pom/mic/dia","De","SR-De"
"Chaetozone setosa","Animalia","Annelida","Polychaeta","Sedentaria","Canalipalpata","","","Terebellida","","Cirratulidae","Chaetozone","Chaetozone setosa","","","","Cirratuliformia","","","","","","","","Chaetozone setosa","E3A",11,2014,4,"E3",44,"Chaetozone setosa","129955",129955,367,"POSE","0252","0500","Chaetozone setosa","SR","D","F","Om","sed/pom/mic/dia","De","SR-De"
"Chaetozone setosa","Animalia","Annelida","Polychaeta","Sedentaria","Canalipalpata","","","Terebellida","","Cirratulidae","Chaetozone","Chaetozone setosa","","","","Cirratuliformia","","","","","","","","Chaetozone setosa","E3C",13,2014,4,"E3",52,"Chaetozone setosa","129955",129955,433,"POSE","0252","0500","Chaetozone setosa","SR","D","F","Om","sed/pom/mic/dia","De","SR-De"
"Chaetozone setosa","Animalia","Annelida","Polychaeta","Sedentaria","Canalipalpata","","","Terebellida","","Cirratulidae","Chaetozone","Chaetozone setosa","","","","Cirratuliformia","","","","","","","","Chaetozone setosa","E3B",21,2014,4,"E3",84,"Chaetozone setosa","129955",129955,700,"POSE","0252","0500","Chaetozone setosa","SR","D","F","Om","sed/pom/mic/dia","De","SR-De"
"Chaetozone setosa","Animalia","Annelida","Polychaeta","Sedentaria","Canalipalpata","","","Terebellida","","Cirratulidae","Chaetozone","Chaetozone setosa","","","","Cirratuliformia","","","","","","","","Chaetozone setosa","C4C",14,2017,4,"C4",56,"Chaetozone setosa","129955",129955,467,"POSE","0252","0500","Chaetozone setosa","SR","D","F","Om","sed/pom/mic/dia","De","SR-De"
"Chaetozone setosa","Animalia","Annelida","Polychaeta","Sedentaria","Canalipalpata","","","Terebellida","","Cirratulidae","Chaetozone","Chaetozone setosa","","","","Cirratuliformia","","","","","","","","Chaetozone setosa","B8",7,1999,1,"B8",7,"Chaetozone setosa","129955",129955,311,"POSE","0252","0500","Chaetozone setosa","SR","D","F","Om","sed/pom/mic/dia","De","SR-De"
"Chaetozone setosa","Animalia","Annelida","Polychaeta","Sedentaria","Canalipalpata","","","Terebellida","","Cirratulidae","Chaetozone","Chaetozone setosa","","","","Cirratuliformia","","","","","","","","Chaetozone setosa","B5",39,1999,1,"B5",39,"Chaetozone setosa","129955",129955,1733,"POSE","0252","0500","Chaetozone setosa","SR","D","F","Om","sed/pom/mic/dia","De","SR-De"
"Corophioidea","Animalia","Arthropoda","Malacostraca","Eumalacostraca","","","Peracarida","Amphipoda","Corophioidea","Corophiidae","Crassicorophium","Crassicorophium bonellii","Corophiinae","Corophiini","Crustacea","Senticaudata","Multicrustacea","","Corophiida","Corophiidira","","","","Crassicorophium bonellii","E3",8,1999,1,"E3",8,"Crassicorophium bonellii","237004",237004,356,"CRAM","0000","0004","Corophioidea indet.","SR","D","T","Om","pom/mic/dia/phy","Su","SR-Su"
"Corophioidea","Animalia","Arthropoda","Malacostraca","Eumalacostraca","","","Peracarida","Amphipoda","Corophioidea","Corophiidae","Crassicorophium","Crassicorophium bonellii","Corophiinae","Corophiini","Crustacea","Senticaudata","Multicrustacea","","Corophiida","Corophiidira","","","","Crassicorophium bonellii","U1B",16,2013,8,"U1",128,"Corophium bonnellii","237004",237004,1067,"CRAM","0000","0004","Corophioidea indet.","SR","D","T","Om","pom/mic/dia/phy","Su","SR-Su"
"Corophioidea","Animalia","Arthropoda","Malacostraca","Eumalacostraca","","","Peracarida","Amphipoda","Corophioidea","Corophiidae","Crassicorophium","Crassicorophium bonellii","Corophiinae","Corophiini","Crustacea","Senticaudata","Multicrustacea","","Corophiida","Corophiidira","","","","Crassicorophium bonellii","E4A",14,2017,4,"E4",56,"Corophium bonnellii","237004",237004,467,"CRAM","0000","0004","Corophioidea indet.","SR","D","T","Om","pom/mic/dia/phy","Su","SR-Su"
"Cossura longocirrata","Animalia","Annelida","Polychaeta","Sedentaria","Scolecida","","","","","Cossuridae","Cossura","Cossura longocirrata","","","","","","","","","","","","Cossura longocirrata","E3",14,1999,1,"E3",14,"Cossura longocirrata","129984",129984,622,"POSE","0254","0669","Cossura longocirrata","SR","M","F","Om","sed/pom/mic/dia","De","SR-De"
"Cossura longocirrata","Animalia","Annelida","Polychaeta","Sedentaria","Scolecida","","","","","Cossuridae","Cossura","Cossura longocirrata","","","","","","","","","","","","Cossura longocirrata","B8",29,1999,1,"B8",29,"Cossura longocirrata","129984",129984,1289,"POSE","0254","0669","Cossura longocirrata","SR","M","F","Om","sed/pom/mic/dia","De","SR-De"
"Cossura longocirrata","Animalia","Annelida","Polychaeta","Sedentaria","Scolecida","","","","","Cossuridae","Cossura","Cossura longocirrata","","","","","","","","","","","","Cossura longocirrata","U2B",9,2013,8,"U2",72,"Cossura longocirrata","129984",129984,600,"POSE","0254","0669","Cossura longocirrata","SR","M","F","Om","sed/pom/mic/dia","De","SR-De"
"Cumacea","Animalia","Arthropoda","Malacostraca","Eumalacostraca","","","Peracarida","Cumacea","","Leuconidae","Leucon","Leucon acutirostris","","","Crustacea","","Multicrustacea","","","","","","","Cumacea","E3",26,1999,1,"E3",26,"Leucon acutirostris","157826",157826,1156,"CRCU","0000","0001","Cumacea indet.","EP","M","F","Om","pom/phy","Su","EP-Su"
"Cumacea","Animalia","Arthropoda","Malacostraca","Eumalacostraca","","","Peracarida","Cumacea","","Leuconidae","Leucon","Leucon acutirostris","","","Crustacea","","Multicrustacea","","","","","","","Cumacea","C4",12,1999,1,"C4",12,"Leucon acutirostris","157826",157826,533,"CRCU","0000","0001","Cumacea indet.","EP","M","F","Om","pom/phy","Su","EP-Su"
"Dodecaceria concharum","Animalia","Annelida","Polychaeta","Sedentaria","Canalipalpata","","","Terebellida","","Cirratulidae","Dodecaceria","Dodecaceria concharum","","","","Cirratuliformia","","","","","","","","Dodecaceria concharum","B5",8,1999,1,"B5",8,"Dodecaceria concharum","129967",129967,356,"POSE","0252","0701","Dodecaceria concharum","EP","D","T","Om","phy","Su","EP-Su"
"Dorvilleidae","Animalia","Annelida","Polychaeta","Errantia","","","","Eunicida","","Dorvilleidae","Schistomeringos","Schistomeringos nigridentata","","","","","","","","","","","","Schistomeringos nigridentata","B5",16,1999,1,"B5",16,"Schistomeringos nigridentata","331693",331693,711,"POER","0172","0172","Dorvilleidae indet.","SR","M","F","Om","pom/mic/dia/mei","Sc/Gr","SR-Om-mic"
"Ennucula tenuis","Animalia","Mollusca","Bivalvia","Protobranchia","","","","Nuculida","Nuculoidea","Nuculidae","Ennucula","Ennucula tenuis","","","","","","","","","","","","Ennucula tenuis","B8",25,1999,1,"B8",25,"Nuculana tenuis","140584",140584,1111,"MOBI","0414","0220","Ennucula tenuis","SS","M","F","Om","sed/pom/mic","De","SS-De"
"Ennucula tenuis","Animalia","Mollusca","Bivalvia","Protobranchia","","","","Nuculida","Nuculoidea","Nuculidae","Ennucula","Ennucula tenuis","","","","","","","","","","","","Ennucula tenuis","C4",10,1999,1,"C4",10,"Nuculana tenuis","140584",140584,444,"MOBI","0414","0220","Ennucula tenuis","SS","M","F","Om","sed/pom/mic","De","SS-De"
"Ennucula tenuis","Animalia","Mollusca","Bivalvia","Protobranchia","","","","Nuculida","Nuculoidea","Nuculidae","Ennucula","Ennucula tenuis","","","","","","","","","","","","Ennucula tenuis","B5",32,1999,1,"B5",32,"Nuculana tenuis","140584",140584,1422,"MOBI","0414","0220","Ennucula tenuis","SS","M","F","Om","sed/pom/mic","De","SS-De"
"Ennucula tenuis","Animalia","Mollusca","Bivalvia","Protobranchia","","","","Nuculida","Nuculoidea","Nuculidae","Ennucula","Ennucula tenuis","","","","","","","","","","","","Ennucula tenuis","A7",7,1999,1,"A7",7,"Nuculana tenuis","140584",140584,311,"MOBI","0414","0220","Ennucula tenuis","SS","M","F","Om","sed/pom/mic","De","SS-De"
"Eteone","Animalia","Annelida","Polychaeta","Errantia","","","","Phyllodocida","","Phyllodocidae","Eteone","Eteone longa","Eteoninae","","","Phyllodociformia","","","","","","","","Eteone longa","C4C",13,2014,4,"C4",52,"Eteone longa","130616",130616,433,"POER","0214","0310","Eteone spp.","SR","M","F","Ca","mac","Pr/De","SR-Pr-mac"
"Eteone","Animalia","Annelida","Polychaeta","Errantia","","","","Phyllodocida","","Phyllodocidae","Eteone","Eteone longa","Eteoninae","","","Phyllodociformia","","","","","","","","Eteone longa","C4B",11,2015,4,"C4",44,"Eteone longa","130616",130616,367,"POER","0214","0310","Eteone spp.","SR","M","F","Ca","mac","Pr/De","SR-Pr-mac"
"Eteone","Animalia","Annelida","Polychaeta","Errantia","","","","Phyllodocida","","Phyllodocidae","Eteone","Eteone longa","Eteoninae","","","Phyllodociformia","","","","","","","","Eteone longa","E4C",9,2014,4,"E4",36,"Eteone longa","130616",130616,300,"POER","0214","0310","Eteone spp.","SR","M","F","Ca","mac","Pr/De","SR-Pr-mac"
"Eteone","Animalia","Annelida","Polychaeta","Errantia","","","","Phyllodocida","","Phyllodocidae","Eteone","Eteone longa","Eteoninae","","","Phyllodociformia","","","","","","","","Eteone longa","A7A",28,2014,4,"A7",112,"Eteone longa","130616",130616,933,"POER","0214","0310","Eteone spp.","SR","M","F","Ca","mac","Pr/De","SR-Pr-mac"
"Eteone","Animalia","Annelida","Polychaeta","Errantia","","","","Phyllodocida","","Phyllodocidae","Eteone","Eteone longa","Eteoninae","","","Phyllodociformia","","","","","","","","Eteone longa","C4A",45,2014,1,"C4",45,"Eteone longa","130616",130616,375,"POER","0214","0310","Eteone spp.","SR","M","F","Ca","mac","Pr/De","SR-Pr-mac"
"Eteone","Animalia","Annelida","Polychaeta","Errantia","","","","Phyllodocida","","Phyllodocidae","Eteone","Eteone longa","Eteoninae","","","Phyllodociformia","","","","","","","","Eteone longa","B5A",42,2014,1,"B5",42,"Eteone longa","130616",130616,350,"POER","0214","0310","Eteone spp.","SR","M","F","Ca","mac","Pr/De","SR-Pr-mac"
"Eteone","Animalia","Annelida","Polychaeta","Errantia","","","","Phyllodocida","","Phyllodocidae","Eteone","Eteone longa","Eteoninae","","","Phyllodociformia","","","","","","","","Eteone longa","B0B",19,2014,4,"B0",76,"Eteone longa","130616",130616,633,"POER","0214","0310","Eteone spp.","SR","M","F","Ca","mac","Pr/De","SR-Pr-mac"
"Harmothoe extenuata","Animalia","Annelida","Polychaeta","Errantia","","","","Phyllodocida","","Polynoidae","Harmothoe","","Polynoinae","","","Aphroditiformia","","","","","","","","Harmothoe extenuata","E3A",21,2014,4,"E3",84,"Harmothoe sp","129491",129491,700,"POER","0220","0560","Harmothoe extenuata","SR","M","F","Ca","mac","Pr","SR-Pr-mac"
"Harmothoe extenuata","Animalia","Annelida","Polychaeta","Errantia","","","","Phyllodocida","","Polynoidae","Harmothoe","","Polynoinae","","","Aphroditiformia","","","","","","","","Harmothoe extenuata","U1C",15,2013,4,"U1",60,"Harmothoe sp","129491",129491,500,"POER","0220","0560","Harmothoe extenuata","SR","M","F","Ca","mac","Pr","SR-Pr-mac"
"Harmothoe extenuata","Animalia","Annelida","Polychaeta","Errantia","","","","Phyllodocida","","Polynoidae","Harmothoe","","Polynoinae","","","Aphroditiformia","","","","","","","","Harmothoe extenuata","U2C",5,2013,8,"U2",40,"Harmothoe sp","129491",129491,333,"POER","0220","0560","Harmothoe extenuata","SR","M","F","Ca","mac","Pr","SR-Pr-mac"
"Harmothoe extenuata","Animalia","Annelida","Polychaeta","Errantia","","","","Phyllodocida","","Polynoidae","Harmothoe","","Polynoinae","","","Aphroditiformia","","","","","","","","Harmothoe extenuata","B0A",7,2013,8,"B0",56,"Harmothoe sp","129491",129491,467,"POER","0220","0560","Harmothoe extenuata","SR","M","F","Ca","mac","Pr","SR-Pr-mac"
"Harmothoe imbricata","Animalia","Annelida","Polychaeta","Errantia","","","","Phyllodocida","","Polynoidae","Harmothoe","Harmothoe imbricata","Polynoinae","","","Aphroditiformia","","","","","","","","Harmothoe imbricata","U1B",6,2013,8,"U1",48,"Harmothoe imbricata","130769",130769,400,"POER","0220","0585","Harmothoe imbricata","SR","M","F","Ca","mac","Pr","SR-Pr-mac"
"Heteromastus","Animalia","Annelida","Polychaeta","Sedentaria","Scolecida","","","","","Capitellidae","Heteromastus","Heteromastus filiformis","","","","","","","","","Heteromastus filiformis laminariae","","","Mediomastus filiformis","E3",10,1999,1,"E3",10,"Mediomastus filiformis","Error : (204) No Content - Mediomastus filiformis
",335480,444,"POSE","0248","0760","Heteromastus sp.","SS","D","F","Om","sed/pom/mic","De","SS-De"
"Heteromastus filiformis","Animalia","Annelida","Polychaeta","Sedentaria","Scolecida","","","","","Capitellidae","Heteromastus","Heteromastus filiformis","","","","","","","","","","","","Heteromastus filiformis","A7B",9,2016,4,"A7",36,"Heteromastus filiformis","129884",129884,300,"POSE","0248","0740","Heteromastus filiformis","SS","D","F","Om","sed/pom/mic","De","SS-De"
"Heteromastus filiformis","Animalia","Annelida","Polychaeta","Sedentaria","Scolecida","","","","","Capitellidae","Heteromastus","Heteromastus filiformis","","","","","","","","","","","","Heteromastus filiformis","A7C",13,2016,4,"A7",52,"Heteromastus filiformis","129884",129884,433,"POSE","0248","0740","Heteromastus filiformis","SS","D","F","Om","sed/pom/mic","De","SS-De"
"Heteromastus filiformis","Animalia","Annelida","Polychaeta","Sedentaria","Scolecida","","","","","Capitellidae","Heteromastus","Heteromastus filiformis","","","","","","","","","","","","Heteromastus filiformis","E3",10,1999,1,"E3",10,"Heteromastus filiformis","129884",129884,444,"POSE","0248","0740","Heteromastus filiformis","SS","D","F","Om","sed/pom/mic","De","SS-De"
"Levinsenia gracilis","Animalia","Annelida","Polychaeta","Sedentaria","Scolecida","","","","","Paraonidae","Levinsenia","Levinsenia gracilis","","","","","","","","","","","","Levinsenia gracilis","E3",56,1999,1,"E3",56,"Levinsenia gracilis","130578",130578,2489,"POSE","0276","0850","Levinsenia gracilis","SR","D","B","Om","sed/pom/mic/dia","De","SR-De"
"Macoma calcarea","Animalia","Mollusca","Bivalvia","Autobranchia","Heteroconchia","Euheterodonta","Imparidentia","Cardiida","Tellinoidea","Tellinidae","Macoma","Macoma calcarea","Macominae","","","","","","","","","","","Macoma calcarea","E4B",11,2016,4,"E4",44,"Macoma calcarea","141580",141580,367,"MOBI","0456","0520","Macoma calcarea","SR","D","F","Om","sed/pom/mic","De/Su","SR-De"
"Macoma calcarea","Animalia","Mollusca","Bivalvia","Autobranchia","Heteroconchia","Euheterodonta","Imparidentia","Cardiida","Tellinoidea","Tellinidae","Macoma","Macoma calcarea","Macominae","","","","","","","","","","","Macoma calcarea","B5A",10,2015,4,"B5",40,"Macoma calcarea","141580",141580,333,"MOBI","0456","0520","Macoma calcarea","SR","D","F","Om","sed/pom/mic","De/Su","SR-De"
"Macoma calcarea","Animalia","Mollusca","Bivalvia","Autobranchia","Heteroconchia","Euheterodonta","Imparidentia","Cardiida","Tellinoidea","Tellinidae","Macoma","Macoma calcarea","Macominae","","","","","","","","","","","Macoma calcarea","C4C",15,2016,4,"C4",60,"Macoma calcarea","141580",141580,500,"MOBI","0456","0520","Macoma calcarea","SR","D","F","Om","sed/pom/mic","De/Su","SR-De"
"Macoma calcarea","Animalia","Mollusca","Bivalvia","Autobranchia","Heteroconchia","Euheterodonta","Imparidentia","Cardiida","Tellinoidea","Tellinidae","Macoma","Macoma calcarea","Macominae","","","","","","","","","","","Macoma calcarea","B8A",14,2017,4,"B8",56,"Macoma calcarea","141580",141580,467,"MOBI","0456","0520","Macoma calcarea","SR","D","F","Om","sed/pom/mic","De/Su","SR-De"
"Macoma calcarea","Animalia","Mollusca","Bivalvia","Autobranchia","Heteroconchia","Euheterodonta","Imparidentia","Cardiida","Tellinoidea","Tellinidae","Macoma","Macoma calcarea","Macominae","","","","","","","","","","","Macoma calcarea","E3A",9,2015,4,"E3",36,"Macoma calcarea","141580",141580,300,"MOBI","0456","0520","Macoma calcarea","SR","D","F","Om","sed/pom/mic","De/Su","SR-De"
"Macoma calcarea","Animalia","Mollusca","Bivalvia","Autobranchia","Heteroconchia","Euheterodonta","Imparidentia","Cardiida","Tellinoidea","Tellinidae","Macoma","Macoma calcarea","Macominae","","","","","","","","","","","Macoma calcarea","B5C",11,2015,4,"B5",44,"Macoma calcarea","141580",141580,367,"MOBI","0456","0520","Macoma calcarea","SR","D","F","Om","sed/pom/mic","De/Su","SR-De"
"Macoma calcarea","Animalia","Mollusca","Bivalvia","Autobranchia","Heteroconchia","Euheterodonta","Imparidentia","Cardiida","Tellinoidea","Tellinidae","Macoma","Macoma calcarea","Macominae","","","","","","","","","","","Macoma calcarea","C4B",18,2016,4,"C4",72,"Macoma calcarea","141580",141580,600,"MOBI","0456","0520","Macoma calcarea","SR","D","F","Om","sed/pom/mic","De/Su","SR-De"
"Macoma calcarea","Animalia","Mollusca","Bivalvia","Autobranchia","Heteroconchia","Euheterodonta","Imparidentia","Cardiida","Tellinoidea","Tellinidae","Macoma","Macoma calcarea","Macominae","","","","","","","","","","","Macoma calcarea","C4B",13,2015,4,"C4",52,"Macoma calcarea","141580",141580,433,"MOBI","0456","0520","Macoma calcarea","SR","D","F","Om","sed/pom/mic","De/Su","SR-De"
"Macoma calcarea","Animalia","Mollusca","Bivalvia","Autobranchia","Heteroconchia","Euheterodonta","Imparidentia","Cardiida","Tellinoidea","Tellinidae","Macoma","Macoma calcarea","Macominae","","","","","","","","","","","Macoma calcarea","E3C",10,2015,4,"E3",40,"Macoma calcarea","141580",141580,333,"MOBI","0456","0520","Macoma calcarea","SR","D","F","Om","sed/pom/mic","De/Su","SR-De"
"Macoma calcarea","Animalia","Mollusca","Bivalvia","Autobranchia","Heteroconchia","Euheterodonta","Imparidentia","Cardiida","Tellinoidea","Tellinidae","Macoma","Macoma calcarea","Macominae","","","","","","","","","","","Macoma calcarea","C4A",15,2015,4,"C4",60,"Macoma calcarea","141580",141580,500,"MOBI","0456","0520","Macoma calcarea","SR","D","F","Om","sed/pom/mic","De/Su","SR-De"
"Macoma calcarea","Animalia","Mollusca","Bivalvia","Autobranchia","Heteroconchia","Euheterodonta","Imparidentia","Cardiida","Tellinoidea","Tellinidae","Macoma","Macoma calcarea","Macominae","","","","","","","","","","","Macoma calcarea","B5B",12,2015,4,"B5",48,"Macoma calcarea","141580",141580,400,"MOBI","0456","0520","Macoma calcarea","SR","D","F","Om","sed/pom/mic","De/Su","SR-De"
"Macoma calcarea","Animalia","Mollusca","Bivalvia","Autobranchia","Heteroconchia","Euheterodonta","Imparidentia","Cardiida","Tellinoidea","Tellinidae","Macoma","Macoma calcarea","Macominae","","","","","","","","","","","Macoma calcarea","B8C",21,2016,4,"B8",84,"Macoma calcarea","141580",141580,700,"MOBI","0456","0520","Macoma calcarea","SR","D","F","Om","sed/pom/mic","De/Su","SR-De"
"Macoma calcarea","Animalia","Mollusca","Bivalvia","Autobranchia","Heteroconchia","Euheterodonta","Imparidentia","Cardiida","Tellinoidea","Tellinidae","Macoma","Macoma calcarea","Macominae","","","","","","","","","","","Macoma calcarea","B5B",14,2017,4,"B5",56,"Macoma calcarea","141580",141580,467,"MOBI","0456","0520","Macoma calcarea","SR","D","F","Om","sed/pom/mic","De/Su","SR-De"
"Macoma calcarea","Animalia","Mollusca","Bivalvia","Autobranchia","Heteroconchia","Euheterodonta","Imparidentia","Cardiida","Tellinoidea","Tellinidae","Macoma","Macoma calcarea","Macominae","","","","","","","","","","","Macoma calcarea","B8C",12,2017,4,"B8",48,"Macoma calcarea","141580",141580,400,"MOBI","0456","0520","Macoma calcarea","SR","D","F","Om","sed/pom/mic","De/Su","SR-De"
"Macoma calcarea","Animalia","Mollusca","Bivalvia","Autobranchia","Heteroconchia","Euheterodonta","Imparidentia","Cardiida","Tellinoidea","Tellinidae","Macoma","Macoma calcarea","Macominae","","","","","","","","","","","Macoma calcarea","C4C",11,2017,4,"C4",44,"Macoma calcarea","141580",141580,367,"MOBI","0456","0520","Macoma calcarea","SR","D","F","Om","sed/pom/mic","De/Su","SR-De"
"Macoma calcarea","Animalia","Mollusca","Bivalvia","Autobranchia","Heteroconchia","Euheterodonta","Imparidentia","Cardiida","Tellinoidea","Tellinidae","Macoma","Macoma calcarea","Macominae","","","","","","","","","","","Macoma calcarea","A7C",9,2016,4,"A7",36,"Macoma calcarea","141580",141580,300,"MOBI","0456","0520","Macoma calcarea","SR","D","F","Om","sed/pom/mic","De/Su","SR-De"
"Macoma calcarea","Animalia","Mollusca","Bivalvia","Autobranchia","Heteroconchia","Euheterodonta","Imparidentia","Cardiida","Tellinoidea","Tellinidae","Macoma","Macoma calcarea","Macominae","","","","","","","","","","","Macoma calcarea","C4B",12,2017,4,"C4",48,"Macoma calcarea","141580",141580,400,"MOBI","0456","0520","Macoma calcarea","SR","D","F","Om","sed/pom/mic","De/Su","SR-De"
"Macoma calcarea","Animalia","Mollusca","Bivalvia","Autobranchia","Heteroconchia","Euheterodonta","Imparidentia","Cardiida","Tellinoidea","Tellinidae","Macoma","Macoma calcarea","Macominae","","","","","","","","","","","Macoma calcarea","E4",7,1999,1,"E4",7,"Macoma calcarea","141580",141580,311,"MOBI","0456","0520","Macoma calcarea","SR","D","F","Om","sed/pom/mic","De/Su","SR-De"
"Macoma calcarea","Animalia","Mollusca","Bivalvia","Autobranchia","Heteroconchia","Euheterodonta","Imparidentia","Cardiida","Tellinoidea","Tellinidae","Macoma","Macoma calcarea","Macominae","","","","","","","","","","","Macoma calcarea","E4C",10,2015,4,"E4",40,"Macoma calcarea","141580",141580,333,"MOBI","0456","0520","Macoma calcarea","SR","D","F","Om","sed/pom/mic","De/Su","SR-De"
"Macoma calcarea","Animalia","Mollusca","Bivalvia","Autobranchia","Heteroconchia","Euheterodonta","Imparidentia","Cardiida","Tellinoidea","Tellinidae","Macoma","Macoma calcarea","Macominae","","","","","","","","","","","Macoma calcarea","E3",24,1999,1,"E3",24,"Macoma calcarea","141580",141580,1067,"MOBI","0456","0520","Macoma calcarea","SR","D","F","Om","sed/pom/mic","De/Su","SR-De"
"Macoma calcarea","Animalia","Mollusca","Bivalvia","Autobranchia","Heteroconchia","Euheterodonta","Imparidentia","Cardiida","Tellinoidea","Tellinidae","Macoma","Macoma calcarea","Macominae","","","","","","","","","","","Macoma calcarea","B5",10,1999,1,"B5",10,"Macoma calcarea","141580",141580,444,"MOBI","0456","0520","Macoma calcarea","SR","D","F","Om","sed/pom/mic","De/Su","SR-De"
"Macoma calcarea","Animalia","Mollusca","Bivalvia","Autobranchia","Heteroconchia","Euheterodonta","Imparidentia","Cardiida","Tellinoidea","Tellinidae","Macoma","Macoma calcarea","Macominae","","","","","","","","","","","Macoma calcarea","C4A",10,2017,4,"C4",40,"Macoma calcarea","141580",141580,333,"MOBI","0456","0520","Macoma calcarea","SR","D","F","Om","sed/pom/mic","De/Su","SR-De"
"Macoma calcarea","Animalia","Mollusca","Bivalvia","Autobranchia","Heteroconchia","Euheterodonta","Imparidentia","Cardiida","Tellinoidea","Tellinidae","Macoma","Macoma calcarea","Macominae","","","","","","","","","","","Macoma calcarea","C4",7,1999,1,"C4",7,"Macoma calcarea","141580",141580,311,"MOBI","0456","0520","Macoma calcarea","SR","D","F","Om","sed/pom/mic","De/Su","SR-De"
"Malacoceros fuliginosus","Animalia","Annelida","Polychaeta","Sedentaria","Canalipalpata","","","Spionida","","Spionidae","Malacoceros","Malacoceros fuliginosus","","","","Spioniformia","","","","","","","","Malacoceros fuliginosus","B5A",47,2014,1,"B5",47,"Malacoceros fuliginosus","131131",131131,392,"POSE","0310","0870","Malacoceros fuliginosus","SR","D","T","Om","sed/pom/mic/dia/phy","De/Su","SR-De"
"Mediomastus","Animalia","Annelida","Polychaeta","Sedentaria","Scolecida","","","","","Capitellidae","Mediomastus","Mediomastus fragilis","","","","","","","","","","","","Mediomastus fragilis","E4C",10,2015,4,"E4",40,"Mediomastus fragilis","129892",129892,333,"POSE","0248","0950","Mediomastusspp.","SS","D","F","Om","sed/pom/mic","De","SS-De"
"Mediomastus","Animalia","Annelida","Polychaeta","Sedentaria","Scolecida","","","","","Capitellidae","Mediomastus","Mediomastus fragilis","","","","","","","","","","","","Mediomastus fragilis","B5C",9,2017,4,"B5",36,"Mediomastus fragilis","129892",129892,300,"POSE","0248","0950","Mediomastusspp.","SS","D","F","Om","sed/pom/mic","De","SS-De"
"Mediomastus","Animalia","Annelida","Polychaeta","Sedentaria","Scolecida","","","","","Capitellidae","Mediomastus","Mediomastus fragilis","","","","","","","","","","","","Mediomastus fragilis","E4A",10,2017,4,"E4",40,"Mediomastus fragilis","129892",129892,333,"POSE","0248","0950","Mediomastusspp.","SS","D","F","Om","sed/pom/mic","De","SS-De"
"Microphthalmus","Animalia","Annelida","Polychaeta","Errantia","","","","Phyllodocida","","Microphthalmidae","Microphthalmus","Microphthalmus aberrans","","","","Nereidiformia","","","","","","","","Microphthalmus aberrans","B5",8,1999,1,"B5",8,"Microphthalmus aberrans","130168",130168,356,"POER","0186","0687","Microphthalmussp.","SR","M","F","He","dia","Gr","SR-He-mic"
"Microphthalmus","Animalia","Annelida","Polychaeta","Errantia","","","","Phyllodocida","","Microphthalmidae","Microphthalmus","Microphthalmus aberrans","","","","Nereidiformia","","","","","","","","Microphthalmus aberrans","E4C",14,2014,4,"E4",56,"Microphthalmus aberrans","130168",130168,467,"POER","0186","0687","Microphthalmussp.","SR","M","F","He","dia","Gr","SR-He-mic"
"Microphthalmus","Animalia","Annelida","Polychaeta","Errantia","","","","Phyllodocida","","Microphthalmidae","Microphthalmus","Microphthalmus aberrans","","","","Nereidiformia","","","","","","","","Microphthalmus aberrans","E3C",17,2014,4,"E3",68,"Microphthalmus aberrans","130168",130168,567,"POER","0186","0687","Microphthalmussp.","SR","M","F","He","dia","Gr","SR-He-mic"
"Musculus","Animalia","Mollusca","Bivalvia","Autobranchia","Pteriomorphia","","","Mytilida","Mytiloidea","Mytilidae","Musculus","","Musculinae","","","","","","","","","","","Musculus","U1C",5,2013,8,"U1",40,"Musculus","Error : (206) Partial Content - Musculus
",138225,333,"MOBI","0404","0630","Musculus sp.","EP","D","A","Om","pom/phy/zoo","Su","EP-Su"
"Mya arenaria","Animalia","Mollusca","Bivalvia","Autobranchia","Heteroconchia","Euheterodonta","Imparidentia","Myida","Myoidea","Myidae","Mya","","","","","","","","","","","","","Mya arenaria","B8B",12,2016,4,"B8",48,"Mya arenaria","140430",138211,400,"MOBI","0402","0635","Mya arenaria","EP","D","F","Om","pom/phy/zoo","Su","EP-Su"
"Mytilidae","Animalia","Mollusca","Bivalvia","Autobranchia","Pteriomorphia","","","Mytilida","Mytiloidea","Mytilidae","","","","","","","","","","","","","","Mytilidae","E3C",16,2014,4,"E3",64,"Mytilidae","211",211,533,"MOBI","0404","0404","Mytilidae indet.","EP","D","A","Om","pom/phy/zoo","Su","EP-Su"
"Mytilus","Animalia","Mollusca","Bivalvia","Autobranchia","Pteriomorphia","","","Mytilida","Mytiloidea","Mytilidae","Mytilus","Mytilus edulis","Mytilinae","","","","","","","","","","","Mytilus edulis","E3",8,1999,1,"E3",8,"Mytilus edulis","140480",140480,356,"MOBI","0404","0665","Mytilus sp.","EP","D","A","Om","pom/phy/zoo","Su","EP-Su"
"Mytilus","Animalia","Mollusca","Bivalvia","Autobranchia","Pteriomorphia","","","Mytilida","Mytiloidea","Mytilidae","Mytilus","Mytilus edulis","Mytilinae","","","","","","","","","","","Mytilus edulis","C4",28,1999,1,"C4",28,"Mytilus edulis","140480",140480,1244,"MOBI","0404","0665","Mytilus sp.","EP","D","A","Om","pom/phy/zoo","Su","EP-Su"
"Mytilus","Animalia","Mollusca","Bivalvia","Autobranchia","Pteriomorphia","","","Mytilida","Mytiloidea","Mytilidae","Mytilus","Mytilus edulis","Mytilinae","","","","","","","","","","","Mytilus edulis","B5",20,1999,1,"B5",20,"Mytilus edulis","140480",140480,889,"MOBI","0404","0665","Mytilus sp.","EP","D","A","Om","pom/phy/zoo","Su","EP-Su"
"Oedicerotidae","Animalia","Arthropoda","Malacostraca","Eumalacostraca","","","Peracarida","Amphipoda","Oedicerotoidea","Oedicerotidae","Paroediceros","Paroediceros lynceus","","","Crustacea","Amphilochidea","Multicrustacea","","Amphilochida","Oedicerotidira","","","","Paroediceros lynceus","E3",8,1999,1,"E3",8,"Paroediceros lynceus","102911",102911,356,"CRAM","0832","0832","Oedicerotidae indet.","SS","M","F","Ca","mei","Pr","SS-Pr-mei"
"Oligochaeta","Animalia","Annelida","Clitellata","Oligochaeta","","","","","","","","","","","","","","","","","","","","Oligochaeta","E4A",26,2017,4,"E4",104,"Oligochaeta sp.","Error : (206) Partial Content - Oligochaeta
",2036,867,"ANOL","0000","0001","Oligochaeta indet.","SS","M","F","Om","pom/mic/dia","Dt","SS-Om-mic"
"Oligochaeta","Animalia","Annelida","Clitellata","Oligochaeta","","","","","","","","","","","","","","","","","","","","Oligochaeta","U2C",22,2013,8,"U2",176,"Oligochaeta sp.","Error : (206) Partial Content - Oligochaeta
",2036,1467,"ANOL","0000","0001","Oligochaeta indet.","SS","M","F","Om","pom/mic/dia","Dt","SS-Om-mic"
"Oligochaeta","Animalia","Annelida","Clitellata","Oligochaeta","","","","","","","","","","","","","","","","","","","","Oligochaeta","U2B",7,2013,8,"U2",56,"Oligochaeta sp.","Error : (206) Partial Content - Oligochaeta
",2036,467,"ANOL","0000","0001","Oligochaeta indet.","SS","M","F","Om","pom/mic/dia","Dt","SS-Om-mic"
"Oligochaeta","Animalia","Annelida","Clitellata","Oligochaeta","","","","","","","","","","","","","","","","","","","","Oligochaeta","C4B",9,2016,4,"C4",36,"Oligochaeta sp","Error : (206) Partial Content - Oligochaeta
",2036,300,"ANOL","0000","0001","Oligochaeta indet.","SS","M","F","Om","pom/mic/dia","Dt","SS-Om-mic"
"Oligochaeta","Animalia","Annelida","Clitellata","Oligochaeta","","","","","","","","","","","","","","","","","","","","Oligochaeta","E4",27,1999,1,"E4",27,"Oligochaeta sp","Error : (206) Partial Content - Oligochaeta
",2036,1200,"ANOL","0000","0001","Oligochaeta indet.","SS","M","F","Om","pom/mic/dia","Dt","SS-Om-mic"
"Oligochaeta","Animalia","Annelida","Clitellata","Oligochaeta","","","","","","","","","","","","","","","","","","","","Oligochaeta","E3B",19,2013,2,"E3",38,"Oligochaeta sp.","Error : (206) Partial Content - Oligochaeta
",2036,317,"ANOL","0000","0001","Oligochaeta indet.","SS","M","F","Om","pom/mic/dia","Dt","SS-Om-mic"
"Oligochaeta","Animalia","Annelida","Clitellata","Oligochaeta","","","","","","","","","","","","","","","","","","","","Oligochaeta","E4A",13,2016,4,"E4",52,"Oligochaeta sp","Error : (206) Partial Content - Oligochaeta
",2036,433,"ANOL","0000","0001","Oligochaeta indet.","SS","M","F","Om","pom/mic/dia","Dt","SS-Om-mic"
"Oligochaeta","Animalia","Annelida","Clitellata","Oligochaeta","","","","","","","","","","","","","","","","","","","","Oligochaeta","E4B",7,2013,8,"E4",56,"Oligochaeta sp.","Error : (206) Partial Content - Oligochaeta
",2036,467,"ANOL","0000","0001","Oligochaeta indet.","SS","M","F","Om","pom/mic/dia","Dt","SS-Om-mic"
"Oligochaeta","Animalia","Annelida","Clitellata","Oligochaeta","","","","","","","","","","","","","","","","","","","","Oligochaeta","C4A",12,2016,4,"C4",48,"Oligochaeta sp","Error : (206) Partial Content - Oligochaeta
",2036,400,"ANOL","0000","0001","Oligochaeta indet.","SS","M","F","Om","pom/mic/dia","Dt","SS-Om-mic"
"Oligochaeta","Animalia","Annelida","Clitellata","Oligochaeta","","","","","","","","","","","","","","","","","","","","Oligochaeta","E3",179,1999,1,"E3",179,"Oligochaeta sp","Error : (206) Partial Content - Oligochaeta
",2036,7956,"ANOL","0000","0001","Oligochaeta indet.","SS","M","F","Om","pom/mic/dia","Dt","SS-Om-mic"
"Oligochaeta","Animalia","Annelida","Clitellata","Oligochaeta","","","","","","","","","","","","","","","","","","","","Oligochaeta","U2A",13,2013,8,"U2",104,"Oligochaeta sp.","Error : (206) Partial Content - Oligochaeta
",2036,867,"ANOL","0000","0001","Oligochaeta indet.","SS","M","F","Om","pom/mic/dia","Dt","SS-Om-mic"
"Oligochaeta","Animalia","Annelida","Clitellata","Oligochaeta","","","","","","","","","","","","","","","","","","","","Oligochaeta","E4B",12,2015,4,"E4",48,"Oligochaeta sp.","Error : (206) Partial Content - Oligochaeta
",2036,400,"ANOL","0000","0001","Oligochaeta indet.","SS","M","F","Om","pom/mic/dia","Dt","SS-Om-mic"
"Oligochaeta","Animalia","Annelida","Clitellata","Oligochaeta","","","","","","","","","","","","","","","","","","","","Oligochaeta","E4C",9,2016,4,"E4",36,"Oligochaeta sp","Error : (206) Partial Content - Oligochaeta
",2036,300,"ANOL","0000","0001","Oligochaeta indet.","SS","M","F","Om","pom/mic/dia","Dt","SS-Om-mic"
"Oligochaeta","Animalia","Annelida","Clitellata","Oligochaeta","","","","","","","","","","","","","","","","","","","","Oligochaeta","E4A",5,2013,8,"E4",40,"Oligochaeta sp.","Error : (206) Partial Content - Oligochaeta
",2036,333,"ANOL","0000","0001","Oligochaeta indet.","SS","M","F","Om","pom/mic/dia","Dt","SS-Om-mic"
"Ophelina acuminata","Animalia","Annelida","Polychaeta","Sedentaria","Scolecida","","","","","Opheliidae","Ophelina","Ophelina acuminata","Ophelininae","","","","","","","","","","","Ophelina acuminata","C4B",21,2016,4,"C4",84,"Ophelina acuminata","130500",130500,700,"POSE","0270","1140","Ophelina acuminata","SS","M","F","Om","sed/pom/mic","De","SS-De"
"Ophelina acuminata","Animalia","Annelida","Polychaeta","Sedentaria","Scolecida","","","","","Opheliidae","Ophelina","Ophelina acuminata","Ophelininae","","","","","","","","","","","Ophelina acuminata","E3A",9,2016,4,"E3",36,"Ophelina acuminata","130500",130500,300,"POSE","0270","1140","Ophelina acuminata","SS","M","F","Om","sed/pom/mic","De","SS-De"
"Ophelina acuminata","Animalia","Annelida","Polychaeta","Sedentaria","Scolecida","","","","","Opheliidae","Ophelina","Ophelina acuminata","Ophelininae","","","","","","","","","","","Ophelina acuminata","C4",17,1999,1,"C4",17,"Ophelina acuminata","130500",130500,756,"POSE","0270","1140","Ophelina acuminata","SS","M","F","Om","sed/pom/mic","De","SS-De"
"Ophelina acuminata","Animalia","Annelida","Polychaeta","Sedentaria","Scolecida","","","","","Opheliidae","Ophelina","Ophelina acuminata","Ophelininae","","","","","","","","","","","Ophelina acuminata","E4B",11,2016,4,"E4",44,"Ophelina acuminata","130500",130500,367,"POSE","0270","1140","Ophelina acuminata","SS","M","F","Om","sed/pom/mic","De","SS-De"
"Ophelina acuminata","Animalia","Annelida","Polychaeta","Sedentaria","Scolecida","","","","","Opheliidae","Ophelina","Ophelina acuminata","Ophelininae","","","","","","","","","","","Ophelina acuminata","B5A",17,2015,4,"B5",68,"Ophelina acuminata","130500",130500,567,"POSE","0270","1140","Ophelina acuminata","SS","M","F","Om","sed/pom/mic","De","SS-De"
"Ophelina acuminata","Animalia","Annelida","Polychaeta","Sedentaria","Scolecida","","","","","Opheliidae","Ophelina","Ophelina acuminata","Ophelininae","","","","","","","","","","","Ophelina acuminata","B8C",37,2016,1,"B8",37,"Ophelina acuminata","130500",130500,308,"POSE","0270","1140","Ophelina acuminata","SS","M","F","Om","sed/pom/mic","De","SS-De"
"Ophelina acuminata","Animalia","Annelida","Polychaeta","Sedentaria","Scolecida","","","","","Opheliidae","Ophelina","Ophelina acuminata","Ophelininae","","","","","","","","","","","Ophelina acuminata","E3B",22,2016,4,"E3",88,"Ophelina acuminata","130500",130500,733,"POSE","0270","1140","Ophelina acuminata","SS","M","F","Om","sed/pom/mic","De","SS-De"
"Ophelina acuminata","Animalia","Annelida","Polychaeta","Sedentaria","Scolecida","","","","","Opheliidae","Ophelina","Ophelina acuminata","Ophelininae","","","","","","","","","","","Ophelina acuminata","E4A",25,2016,4,"E4",100,"Ophelina acuminata","130500",130500,833,"POSE","0270","1140","Ophelina acuminata","SS","M","F","Om","sed/pom/mic","De","SS-De"
"Ophelina acuminata","Animalia","Annelida","Polychaeta","Sedentaria","Scolecida","","","","","Opheliidae","Ophelina","Ophelina acuminata","Ophelininae","","","","","","","","","","","Ophelina acuminata","E4C",9,2015,4,"E4",36,"Ophelina acuminata","130500",130500,300,"POSE","0270","1140","Ophelina acuminata","SS","M","F","Om","sed/pom/mic","De","SS-De"
"Ophelina acuminata","Animalia","Annelida","Polychaeta","Sedentaria","Scolecida","","","","","Opheliidae","Ophelina","Ophelina acuminata","Ophelininae","","","","","","","","","","","Ophelina acuminata","C4C",52,2016,4,"C4",208,"Ophelina acuminata","130500",130500,1733,"POSE","0270","1140","Ophelina acuminata","SS","M","F","Om","sed/pom/mic","De","SS-De"
"Ophelina acuminata","Animalia","Annelida","Polychaeta","Sedentaria","Scolecida","","","","","Opheliidae","Ophelina","Ophelina acuminata","Ophelininae","","","","","","","","","","","Ophelina acuminata","C4A",31,2016,4,"C4",124,"Ophelina acuminata","130500",130500,1033,"POSE","0270","1140","Ophelina acuminata","SS","M","F","Om","sed/pom/mic","De","SS-De"
"Ophelina acuminata","Animalia","Annelida","Polychaeta","Sedentaria","Scolecida","","","","","Opheliidae","Ophelina","Ophelina acuminata","Ophelininae","","","","","","","","","","","Ophelina acuminata","E4C",12,2016,4,"E4",48,"Ophelina acuminata","130500",130500,400,"POSE","0270","1140","Ophelina acuminata","SS","M","F","Om","sed/pom/mic","De","SS-De"
"Ophelina acuminata","Animalia","Annelida","Polychaeta","Sedentaria","Scolecida","","","","","Opheliidae","Ophelina","Ophelina acuminata","Ophelininae","","","","","","","","","","","Ophelina acuminata","E3C",12,2016,4,"E3",48,"Ophelina acuminata","130500",130500,400,"POSE","0270","1140","Ophelina acuminata","SS","M","F","Om","sed/pom/mic","De","SS-De"
"Ophelina acuminata","Animalia","Annelida","Polychaeta","Sedentaria","Scolecida","","","","","Opheliidae","Ophelina","Ophelina acuminata","Ophelininae","","","","","","","","","","","Ophelina acuminata","E3C",9,2015,4,"E3",36,"Ophelina acuminata","130500",130500,300,"POSE","0270","1140","Ophelina acuminata","SS","M","F","Om","sed/pom/mic","De","SS-De"
"Ophelina acuminata","Animalia","Annelida","Polychaeta","Sedentaria","Scolecida","","","","","Opheliidae","Ophelina","Ophelina acuminata","Ophelininae","","","","","","","","","","","Ophelina acuminata","C4B",20,2017,4,"C4",80,"Ophelina acuminata","130500",130500,667,"POSE","0270","1140","Ophelina acuminata","SS","M","F","Om","sed/pom/mic","De","SS-De"
"Ophelina acuminata","Animalia","Annelida","Polychaeta","Sedentaria","Scolecida","","","","","Opheliidae","Ophelina","Ophelina acuminata","Ophelininae","","","","","","","","","","","Ophelina acuminata","B5B",39,2016,4,"B5",156,"Ophelina acuminata","130500",130500,1300,"POSE","0270","1140","Ophelina acuminata","SS","M","F","Om","sed/pom/mic","De","SS-De"
"Ophelina acuminata","Animalia","Annelida","Polychaeta","Sedentaria","Scolecida","","","","","Opheliidae","Ophelina","Ophelina acuminata","Ophelininae","","","","","","","","","","","Ophelina acuminata","B5A",33,2016,4,"B5",132,"Ophelina acuminata","130500",130500,1100,"POSE","0270","1140","Ophelina acuminata","SS","M","F","Om","sed/pom/mic","De","SS-De"
"Ophelina acuminata","Animalia","Annelida","Polychaeta","Sedentaria","Scolecida","","","","","Opheliidae","Ophelina","Ophelina acuminata","Ophelininae","","","","","","","","","","","Ophelina acuminata","C4A",21,2017,4,"C4",84,"Ophelina acuminata","130500",130500,700,"POSE","0270","1140","Ophelina acuminata","SS","M","F","Om","sed/pom/mic","De","SS-De"
"Ophelina acuminata","Animalia","Annelida","Polychaeta","Sedentaria","Scolecida","","","","","Opheliidae","Ophelina","Ophelina acuminata","Ophelininae","","","","","","","","","","","Ophelina acuminata","B5C",10,2015,4,"B5",40,"Ophelina acuminata","130500",130500,333,"POSE","0270","1140","Ophelina acuminata","SS","M","F","Om","sed/pom/mic","De","SS-De"
"Ophelina acuminata","Animalia","Annelida","Polychaeta","Sedentaria","Scolecida","","","","","Opheliidae","Ophelina","Ophelina acuminata","Ophelininae","","","","","","","","","","","Ophelina acuminata","C4C",11,2015,4,"C4",44,"Ophelina acuminata","130500",130500,367,"POSE","0270","1140","Ophelina acuminata","SS","M","F","Om","sed/pom/mic","De","SS-De"
"Ophelina acuminata","Animalia","Annelida","Polychaeta","Sedentaria","Scolecida","","","","","Opheliidae","Ophelina","Ophelina acuminata","Ophelininae","","","","","","","","","","","Ophelina acuminata","C4A",10,2015,4,"C4",40,"Ophelina acuminata","130500",130500,333,"POSE","0270","1140","Ophelina acuminata","SS","M","F","Om","sed/pom/mic","De","SS-De"
"Ophelina acuminata","Animalia","Annelida","Polychaeta","Sedentaria","Scolecida","","","","","Opheliidae","Ophelina","Ophelina acuminata","Ophelininae","","","","","","","","","","","Ophelina acuminata","E4B",9,2017,4,"E4",36,"Ophelina acuminata","130500",130500,300,"POSE","0270","1140","Ophelina acuminata","SS","M","F","Om","sed/pom/mic","De","SS-De"
"Ophelina acuminata","Animalia","Annelida","Polychaeta","Sedentaria","Scolecida","","","","","Opheliidae","Ophelina","Ophelina acuminata","Ophelininae","","","","","","","","","","","Ophelina acuminata","A7C",12,2016,4,"A7",48,"Ophelina acuminata","130500",130500,400,"POSE","0270","1140","Ophelina acuminata","SS","M","F","Om","sed/pom/mic","De","SS-De"
"Pectinaria granulata","Animalia","Annelida","Polychaeta","Sedentaria","Canalipalpata","","","Terebellida","","Pectinariidae","Pectinaria","Pectinaria granulata","","","","Terebelliformia","","","","","","","","Pectinaria granulata","B5",12,1999,1,"B5",12,"Pectinaria granulata","130593",130593,533,"POSE","0280","1250","Pectinaria granulata","SS","D","T","Om","sed/pom/mic","De","SS-De"
"Pectinaria granulata","Animalia","Annelida","Polychaeta","Sedentaria","Canalipalpata","","","Terebellida","","Pectinariidae","Pectinaria","Pectinaria granulata","","","","Terebelliformia","","","","","","","","Pectinaria granulata","C4",8,1999,1,"C4",8,"Pectinaria granulata","130593",130593,356,"POSE","0280","1250","Pectinaria granulata","SS","D","T","Om","sed/pom/mic","De","SS-De"
"Pista cristata","Animalia","Annelida","Polychaeta","Sedentaria","Canalipalpata","","","Terebellida","","Sternaspidae","Sternaspis","Sternaspis scutata","","","","Cirratuliformia","","","","","","","","Sternaspis scutata","B5",10,1999,1,"B5",10,"Sternaspis scutata","131242",131242,444,"POSE","0314","1387","Pista cristata","SR","D","T","Om","sed/pom/mic/dia","De","SR-De"
"Pista cristata","Animalia","Annelida","Polychaeta","Sedentaria","Canalipalpata","","","Terebellida","","Sternaspidae","Sternaspis","Sternaspis scutata","","","","Cirratuliformia","","","","","","","","Sternaspis scutata","E3",26,1999,1,"E3",26,"Sternaspis scutata","131242",131242,1156,"POSE","0314","1387","Pista cristata","SR","D","T","Om","sed/pom/mic/dia","De","SR-De"
"Polydora","Animalia","Annelida","Polychaeta","Sedentaria","Canalipalpata","","","Spionida","","Spionidae","Polydora","","","","","Spioniformia","","","","","","","","Polydora","E4A",23,2016,4,"E4",92,"Polydora","Error : (206) Partial Content - Polydora
",129619,767,"POSE","0310","1500","Polydora sp.","SR","D","T","Om","sed/pom/mic/dia/phy","De/Su","SR-De"
"Polydora","Animalia","Annelida","Polychaeta","Sedentaria","Canalipalpata","","","Spionida","","Spionidae","Polydora","","","","","Spioniformia","","","","","","","","Polydora","E3B",9,2017,4,"E3",36,"Polydora sp.","Error : (206) Partial Content - Polydora
",129619,300,"POSE","0310","1500","Polydora sp.","SR","D","T","Om","sed/pom/mic/dia/phy","De/Su","SR-De"
"Polydora","Animalia","Annelida","Polychaeta","Sedentaria","Canalipalpata","","","Spionida","","Spionidae","Polydora","","","","","Spioniformia","","","","","","","","Polydora","B8A",14,2016,4,"B8",56,"Polydora","Error : (206) Partial Content - Polydora
",129619,467,"POSE","0310","1500","Polydora sp.","SR","D","T","Om","sed/pom/mic/dia/phy","De/Su","SR-De"
"Polydora","Animalia","Annelida","Polychaeta","Sedentaria","Canalipalpata","","","Spionida","","Spionidae","Polydora","","","","","Spioniformia","","","","","","","","Polydora","E4B",14,2016,4,"E4",56,"Polydora","Error : (206) Partial Content - Polydora
",129619,467,"POSE","0310","1500","Polydora sp.","SR","D","T","Om","sed/pom/mic/dia/phy","De/Su","SR-De"
"Polydora","Animalia","Annelida","Polychaeta","Sedentaria","Canalipalpata","","","Spionida","","Spionidae","Polydora","","","","","Spioniformia","","","","","","","","Polydora","A7C",9,2016,4,"A7",36,"Polydora sp","Error : (206) Partial Content - Polydora
",129619,300,"POSE","0310","1500","Polydora sp.","SR","D","T","Om","sed/pom/mic/dia/phy","De/Su","SR-De"
"Polydora","Animalia","Annelida","Polychaeta","Sedentaria","Canalipalpata","","","Spionida","","Spionidae","Polydora","","","","","Spioniformia","","","","","","","","Polydora","E3C",10,2016,4,"E3",40,"Polydora","Error : (206) Partial Content - Polydora
",129619,333,"POSE","0310","1500","Polydora sp.","SR","D","T","Om","sed/pom/mic/dia/phy","De/Su","SR-De"
"Polydora","Animalia","Annelida","Polychaeta","Sedentaria","Canalipalpata","","","Spionida","","Spionidae","Polydora","","","","","Spioniformia","","","","","","","","Polydora","E4C",16,2015,4,"E4",64,"Polydora sp.","Error : (206) Partial Content - Polydora
",129619,533,"POSE","0310","1500","Polydora sp.","SR","D","T","Om","sed/pom/mic/dia/phy","De/Su","SR-De"
"Polydora","Animalia","Annelida","Polychaeta","Sedentaria","Canalipalpata","","","Spionida","","Spionidae","Polydora","","","","","Spioniformia","","","","","","","","Polydora","E4",37,1999,1,"E4",37,"Polydora sp","Error : (206) Partial Content - Polydora
",129619,1644,"POSE","0310","1500","Polydora sp.","SR","D","T","Om","sed/pom/mic/dia/phy","De/Su","SR-De"
"Polydora","Animalia","Annelida","Polychaeta","Sedentaria","Canalipalpata","","","Spionida","","Spionidae","Polydora","","","","","Spioniformia","","","","","","","","Polydora","E4C",22,2017,4,"E4",88,"Polydora sp.","Error : (206) Partial Content - Polydora
",129619,733,"POSE","0310","1500","Polydora sp.","SR","D","T","Om","sed/pom/mic/dia/phy","De/Su","SR-De"
"Polydora","Animalia","Annelida","Polychaeta","Sedentaria","Canalipalpata","","","Spionida","","Spionidae","Polydora","","","","","Spioniformia","","","","","","","","Polydora","E3",225,1999,1,"E3",225,"Polydora sp","Error : (206) Partial Content - Polydora
",129619,10000,"POSE","0310","1500","Polydora sp.","SR","D","T","Om","sed/pom/mic/dia/phy","De/Su","SR-De"
"Polydora","Animalia","Annelida","Polychaeta","Sedentaria","Canalipalpata","","","Spionida","","Spionidae","Polydora","","","","","Spioniformia","","","","","","","","Polydora","E4B",250,2017,4,"E4",1000,"Polydora sp.","Error : (206) Partial Content - Polydora
",129619,8333,"POSE","0310","1500","Polydora sp.","SR","D","T","Om","sed/pom/mic/dia/phy","De/Su","SR-De"
"Polydora","Animalia","Annelida","Polychaeta","Sedentaria","Canalipalpata","","","Spionida","","Spionidae","Polydora","","","","","Spioniformia","","","","","","","","Polydora","E4C",38,2016,4,"E4",152,"Polydora","Error : (206) Partial Content - Polydora
",129619,1267,"POSE","0310","1500","Polydora sp.","SR","D","T","Om","sed/pom/mic/dia/phy","De/Su","SR-De"
"Polydora","Animalia","Annelida","Polychaeta","Sedentaria","Canalipalpata","","","Spionida","","Spionidae","Polydora","","","","","Spioniformia","","","","","","","","Polydora","E4A",53,2017,4,"E4",212,"Polydora sp.","Error : (206) Partial Content - Polydora
",129619,1767,"POSE","0310","1500","Polydora sp.","SR","D","T","Om","sed/pom/mic/dia/phy","De/Su","SR-De"
"Praxillella praetermissa","Animalia","Annelida","Polychaeta","Sedentaria","Scolecida","","","","","Maldanidae","Praxillella","Praxillella praetermissa","Euclymeninae","","","","","","","","","","","Praxillella praetermissa","E3C",9,2017,4,"E3",36,"Praxillella praetermissa","130326",130326,300,"POSE","0266","1560","Praxillella praetermissa","SS","D","T","Om","sed/pom/mic","De","SS-De"
"Praxillella praetermissa","Animalia","Annelida","Polychaeta","Sedentaria","Scolecida","","","","","Maldanidae","Praxillella","Praxillella praetermissa","Euclymeninae","","","","","","","","","","","Praxillella praetermissa","E3",20,1999,1,"E3",20,"Praxillella praetermissa","130326",130326,889,"POSE","0266","1560","Praxillella praetermissa","SS","D","T","Om","sed/pom/mic","De","SS-De"
"Protomedeia fasciata","Animalia","Arthropoda","Malacostraca","Eumalacostraca","","","Peracarida","Amphipoda","Corophioidea","Corophiidae","Protomedeia","Protomedeia fasciata","Protomedeiinae","","Crustacea","Senticaudata","Multicrustacea","","Corophiida","Corophiidira","","","","Protomedeia fasciata","E4A",10,2017,4,"E4",40,"Protomedeia fasciata","102443",102443,333,"CRAM","0810","1490","Protomedeia fasciata","SR","D","T","Om","pom/mic/dia/phy","Su","SR-Su"
"Protomedeia fasciata","Animalia","Arthropoda","Malacostraca","Eumalacostraca","","","Peracarida","Amphipoda","Corophioidea","Corophiidae","Protomedeia","Protomedeia fasciata","Protomedeiinae","","Crustacea","Senticaudata","Multicrustacea","","Corophiida","Corophiidira","","","","Protomedeia fasciata","E4C",12,2017,4,"E4",48,"Protomedeia fasciata","102443",102443,400,"CRAM","0810","1490","Protomedeia fasciata","SR","D","T","Om","pom/mic/dia/phy","Su","SR-Su"
"Protomedeia fasciata","Animalia","Arthropoda","Malacostraca","Eumalacostraca","","","Peracarida","Amphipoda","Corophioidea","Corophiidae","Protomedeia","Protomedeia fasciata","Protomedeiinae","","Crustacea","Senticaudata","Multicrustacea","","Corophiida","Corophiidira","","","","Protomedeia fasciata","B8",21,1999,1,"B8",21,"Protomedeia fasciata","102443",102443,933,"CRAM","0810","1490","Protomedeia fasciata","SR","D","T","Om","pom/mic/dia/phy","Su","SR-Su"
"Protomedeia fasciata","Animalia","Arthropoda","Malacostraca","Eumalacostraca","","","Peracarida","Amphipoda","Corophioidea","Corophiidae","Protomedeia","Protomedeia fasciata","Protomedeiinae","","Crustacea","Senticaudata","Multicrustacea","","Corophiida","Corophiidira","","","","Protomedeia fasciata","A7",7,1999,1,"A7",7,"Protomedeia fasciata","102443",102443,311,"CRAM","0810","1490","Protomedeia fasciata","SR","D","T","Om","pom/mic/dia/phy","Su","SR-Su"
"Scalibregma inflatum","Animalia","Annelida","Polychaeta","Sedentaria","Scolecida","","","","","Scalibregmatidae","Scalibregma","Scalibregma inflatum","","","","","","","","","","","","Scalibregma inflatum","A7B",26,2017,4,"A7",104,"Scalibregma inflatum","130980",130980,867,"POSE","0304","1680","Scalibregma inflatum","SS","M","B","Om","sed/pom/mic","De","SS-De"
"Scalibregma inflatum","Animalia","Annelida","Polychaeta","Sedentaria","Scolecida","","","","","Scalibregmatidae","Scalibregma","Scalibregma inflatum","","","","","","","","","","","","Scalibregma inflatum","C4",7,1999,1,"C4",7,"Scalibregma inflatum","130980",130980,311,"POSE","0304","1680","Scalibregma inflatum","SS","M","B","Om","sed/pom/mic","De","SS-De"
"Scalibregma inflatum","Animalia","Annelida","Polychaeta","Sedentaria","Scolecida","","","","","Scalibregmatidae","Scalibregma","Scalibregma inflatum","","","","","","","","","","","","Scalibregma inflatum","B8C",16,2017,4,"B8",64,"Scalibregma inflatum","130980",130980,533,"POSE","0304","1680","Scalibregma inflatum","SS","M","B","Om","sed/pom/mic","De","SS-De"
"Scalibregma inflatum","Animalia","Annelida","Polychaeta","Sedentaria","Scolecida","","","","","Scalibregmatidae","Scalibregma","Scalibregma inflatum","","","","","","","","","","","","Scalibregma inflatum","B5",50,1999,1,"B5",50,"Scalibregma inflatum","130980",130980,2222,"POSE","0304","1680","Scalibregma inflatum","SS","M","B","Om","sed/pom/mic","De","SS-De"
"Scalibregma inflatum","Animalia","Annelida","Polychaeta","Sedentaria","Scolecida","","","","","Scalibregmatidae","Scalibregma","Scalibregma inflatum","","","","","","","","","","","","Scalibregma inflatum","B8A",31,2017,4,"B8",124,"Scalibregma inflatum","130980",130980,1033,"POSE","0304","1680","Scalibregma inflatum","SS","M","B","Om","sed/pom/mic","De","SS-De"
"Scalibregma inflatum","Animalia","Annelida","Polychaeta","Sedentaria","Scolecida","","","","","Scalibregmatidae","Scalibregma","Scalibregma inflatum","","","","","","","","","","","","Scalibregma inflatum","B8B",15,2017,4,"B8",60,"Scalibregma inflatum","130980",130980,500,"POSE","0304","1680","Scalibregma inflatum","SS","M","B","Om","sed/pom/mic","De","SS-De"
"Scalibregma inflatum","Animalia","Annelida","Polychaeta","Sedentaria","Scolecida","","","","","Scalibregmatidae","Scalibregma","Scalibregma inflatum","","","","","","","","","","","","Scalibregma inflatum","B8",19,1999,1,"B8",19,"Scalibregma inflatum","130980",130980,844,"POSE","0304","1680","Scalibregma inflatum","SS","M","B","Om","sed/pom/mic","De","SS-De"
"Scalibregma inflatum","Animalia","Annelida","Polychaeta","Sedentaria","Scolecida","","","","","Scalibregmatidae","Scalibregma","Scalibregma inflatum","","","","","","","","","","","","Scalibregma inflatum","A7C",16,2017,4,"A7",64,"Scalibregma inflatum","130980",130980,533,"POSE","0304","1680","Scalibregma inflatum","SS","M","B","Om","sed/pom/mic","De","SS-De"
"Scoloplos armiger","Animalia","Annelida","Polychaeta","Sedentaria","Scolecida","","","","","Orbiniidae","Scoloplos","Scoloplos armiger","Orbiniinae","","","","","","","","","","","Scoloplos armiger","C4C",16,2016,4,"C4",64,"Scoloplos armiger","130537",130537,533,"POSE","0272","1745","Scoloplos armiger","SS","M","F","Om","sed/pom/mic","De","SS-De"
"Scoloplos armiger","Animalia","Annelida","Polychaeta","Sedentaria","Scolecida","","","","","Orbiniidae","Scoloplos","Scoloplos armiger","Orbiniinae","","","","","","","","","","","Scoloplos armiger","C4B",11,2016,4,"C4",44,"Scoloplos armiger","130537",130537,367,"POSE","0272","1745","Scoloplos armiger","SS","M","F","Om","sed/pom/mic","De","SS-De"
"Scoloplos armiger","Animalia","Annelida","Polychaeta","Sedentaria","Scolecida","","","","","Orbiniidae","Scoloplos","Scoloplos armiger","Orbiniinae","","","","","","","","","","","Scoloplos armiger","C4C",16,2015,4,"C4",64,"Scoloplos armiger","130537",130537,533,"POSE","0272","1745","Scoloplos armiger","SS","M","F","Om","sed/pom/mic","De","SS-De"
"Scoloplos armiger","Animalia","Annelida","Polychaeta","Sedentaria","Scolecida","","","","","Orbiniidae","Scoloplos","Scoloplos armiger","Orbiniinae","","","","","","","","","","","Scoloplos armiger","C4A",9,2017,4,"C4",36,"Scoloplos armiger","130537",130537,300,"POSE","0272","1745","Scoloplos armiger","SS","M","F","Om","sed/pom/mic","De","SS-De"
"Scoloplos armiger","Animalia","Annelida","Polychaeta","Sedentaria","Scolecida","","","","","Orbiniidae","Scoloplos","Scoloplos armiger","Orbiniinae","","","","","","","","","","","Scoloplos armiger","B5C",12,2017,4,"B5",48,"Scoloplos armiger","130537",130537,400,"POSE","0272","1745","Scoloplos armiger","SS","M","F","Om","sed/pom/mic","De","SS-De"
"Scoloplos armiger","Animalia","Annelida","Polychaeta","Sedentaria","Scolecida","","","","","Orbiniidae","Scoloplos","Scoloplos armiger","Orbiniinae","","","","","","","","","","","Scoloplos armiger","E3",8,1999,1,"E3",8,"Scoloplos armiger","130537",130537,356,"POSE","0272","1745","Scoloplos armiger","SS","M","F","Om","sed/pom/mic","De","SS-De"
"Scoloplos armiger","Animalia","Annelida","Polychaeta","Sedentaria","Scolecida","","","","","Orbiniidae","Scoloplos","Scoloplos armiger","Orbiniinae","","","","","","","","","","","Scoloplos armiger","E4A",15,2017,4,"E4",60,"Scoloplos armiger","130537",130537,500,"POSE","0272","1745","Scoloplos armiger","SS","M","F","Om","sed/pom/mic","De","SS-De"
"Scoloplos armiger","Animalia","Annelida","Polychaeta","Sedentaria","Scolecida","","","","","Orbiniidae","Scoloplos","Scoloplos armiger","Orbiniinae","","","","","","","","","","","Scoloplos armiger","B5",9,1999,1,"B5",9,"Scoloplos armiger","130537",130537,400,"POSE","0272","1745","Scoloplos armiger","SS","M","F","Om","sed/pom/mic","De","SS-De"
"Semelidae","Animalia","Mollusca","Bivalvia","Autobranchia","Heteroconchia","Euheterodonta","Imparidentia","Cardiida","Tellinoidea","Semelidae","Abra","Abra nitida","","","","","","","","","","","","Abra nitida","B8C",10,2016,4,"B8",40,"Abra nitida","141435",141435,333,"MOBI","0444","0444","Semelidae indet.","EP","D","F","Om","pom/phy/zoo","Su","EP-Su"
"Semelidae","Animalia","Mollusca","Bivalvia","Autobranchia","Heteroconchia","Euheterodonta","Imparidentia","Cardiida","Tellinoidea","Semelidae","Abra","Abra nitida","","","","","","","","","","","","Abra nitida","B8A",9,2017,4,"B8",36,"Abra nitida","141435",141435,300,"MOBI","0444","0444","Semelidae indet.","EP","D","F","Om","pom/phy/zoo","Su","EP-Su"
"Semelidae","Animalia","Mollusca","Bivalvia","Autobranchia","Heteroconchia","Euheterodonta","Imparidentia","Cardiida","Tellinoidea","Semelidae","Abra","Abra nitida","","","","","","","","","","","","Abra nitida","B5B",10,2017,4,"B5",40,"Abra nitida","141435",141435,333,"MOBI","0444","0444","Semelidae indet.","EP","D","F","Om","pom/phy/zoo","Su","EP-Su"
"Spio","Animalia","Annelida","Polychaeta","Sedentaria","Canalipalpata","","","Spionida","","Spionidae","Spio","","","","","Spioniformia","","","","","","","","Spio","E3",84,1999,1,"E3",84,"Spio sp","Error : (206) Partial Content - Spio
",129625,3733,"POSE","0310","1770","Spio sp.","SR","D","T","Om","sed/pom/mic/dia/phy","De/Su","SR-De"
"Spio filicornis","Animalia","Annelida","Polychaeta","Sedentaria","Canalipalpata","","","Spionida","","Spionidae","Spio","","","","","Spioniformia","","","","","","","","Spio filicornis","E4C",31,2016,4,"E4",124,"Spionidae sp","913",129625,1033,"POSE","0310","1778","Spio filicornis","SR","D","T","Om","sed/pom/mic/dia/phy","De/Su","SR-De"
"Spio filicornis","Animalia","Annelida","Polychaeta","Sedentaria","Canalipalpata","","","Spionida","","Spionidae","Spio","","","","","Spioniformia","","","","","","","","Spio filicornis","E3B",38,2016,4,"E3",152,"Spionidae sp","913",129625,1267,"POSE","0310","1778","Spio filicornis","SR","D","T","Om","sed/pom/mic/dia/phy","De/Su","SR-De"
"Spio filicornis","Animalia","Annelida","Polychaeta","Sedentaria","Canalipalpata","","","Spionida","","Spionidae","Spio","","","","","Spioniformia","","","","","","","","Spio filicornis","E4B",30,2016,4,"E4",120,"Spionidae sp","913",129625,1000,"POSE","0310","1778","Spio filicornis","SR","D","T","Om","sed/pom/mic/dia/phy","De/Su","SR-De"
"Spio filicornis","Animalia","Annelida","Polychaeta","Sedentaria","Canalipalpata","","","Spionida","","Spionidae","Spio","","","","","Spioniformia","","","","","","","","Spio filicornis","E4A",36,2016,4,"E4",144,"Spionidae sp","913",129625,1200,"POSE","0310","1778","Spio filicornis","SR","D","T","Om","sed/pom/mic/dia/phy","De/Su","SR-De"
"Spio filicornis","Animalia","Annelida","Polychaeta","Sedentaria","Canalipalpata","","","Spionida","","Spionidae","Spio","","","","","Spioniformia","","","","","","","","Spio filicornis","E3C",20,2016,4,"E3",80,"Spionidae sp","913",129625,667,"POSE","0310","1778","Spio filicornis","SR","D","T","Om","sed/pom/mic/dia/phy","De/Su","SR-De"
"Spio filicornis","Animalia","Annelida","Polychaeta","Sedentaria","Canalipalpata","","","Spionida","","Spionidae","Spio","","","","","Spioniformia","","","","","","","","Spio filicornis","E3A",23,2016,4,"E3",92,"Spionidae sp","913",129625,767,"POSE","0310","1778","Spio filicornis","SR","D","T","Om","sed/pom/mic/dia/phy","De/Su","SR-De"
"Spio filicornis","Animalia","Annelida","Polychaeta","Sedentaria","Canalipalpata","","","Spionida","","Spionidae","Spio","","","","","Spioniformia","","","","","","","","Spio filicornis","C4A",13,2016,4,"C4",52,"Spionidae sp","913",129625,433,"POSE","0310","1778","Spio filicornis","SR","D","T","Om","sed/pom/mic/dia/phy","De/Su","SR-De"
"Spionidae","Animalia","Annelida","Polychaeta","Sedentaria","Canalipalpata","","","Spionida","","Spionidae","Spio","","","","","Spioniformia","","","","","","","","Spionidae","C4B",42,2013,1,"C4",42,"Spionidae sp.","913",129625,350,"POSE","0310","0310","Spionidae indet.","SR","D","T","Om","sed/pom/mic/dia/phy","De/Su","SR-De"
"Spionidae","Animalia","Annelida","Polychaeta","Sedentaria","Canalipalpata","","","Spionida","","Spionidae","Spio","","","","","Spioniformia","","","","","","","","Spionidae","C4A",92,2013,1,"C4",92,"Spionidae sp.","913",129625,767,"POSE","0310","0310","Spionidae indet.","SR","D","T","Om","sed/pom/mic/dia/phy","De/Su","SR-De"
"Spionidae","Animalia","Annelida","Polychaeta","Sedentaria","Canalipalpata","","","Spionida","","Spionidae","Spio","","","","","Spioniformia","","","","","","","","Spionidae","C4C",6,2013,8,"C4",48,"Spionidae sp.","913",129625,400,"POSE","0310","0310","Spionidae indet.","SR","D","T","Om","sed/pom/mic/dia/phy","De/Su","SR-De"
"Spionidae","Animalia","Annelida","Polychaeta","Sedentaria","Canalipalpata","","","Spionida","","Spionidae","Spio","","","","","Spioniformia","","","","","","","","Spionidae","E3C",19,2014,4,"E3",76,"Spionidae sp.","913",129625,633,"POSE","0310","0310","Spionidae indet.","SR","D","T","Om","sed/pom/mic/dia/phy","De/Su","SR-De"
"Spionidae","Animalia","Annelida","Polychaeta","Sedentaria","Canalipalpata","","","Spionida","","Spionidae","Spio","","","","","Spioniformia","","","","","","","","Spionidae","U1B",33,2013,8,"U1",264,"Spionidae sp.","913",129625,2200,"POSE","0310","0310","Spionidae indet.","SR","D","T","Om","sed/pom/mic/dia/phy","De/Su","SR-De"
"Spionidae","Animalia","Annelida","Polychaeta","Sedentaria","Canalipalpata","","","Spionida","","Spionidae","Spio","","","","","Spioniformia","","","","","","","","Spionidae","C4C",12,2014,4,"C4",48,"Spionidae sp.","913",129625,400,"POSE","0310","0310","Spionidae indet.","SR","D","T","Om","sed/pom/mic/dia/phy","De/Su","SR-De"
"Spionidae","Animalia","Annelida","Polychaeta","Sedentaria","Canalipalpata","","","Spionida","","Spionidae","Spio","","","","","Spioniformia","","","","","","","","Spionidae","E3A",55,2013,1,"E3",55,"Spionidae sp.","913",129625,458,"POSE","0310","0310","Spionidae indet.","SR","D","T","Om","sed/pom/mic/dia/phy","De/Su","SR-De"
"Spionidae","Animalia","Annelida","Polychaeta","Sedentaria","Canalipalpata","","","Spionida","","Spionidae","Spio","","","","","Spioniformia","","","","","","","","Spionidae","E4A",10,2017,4,"E4",40,"Spionidae sp.","913",129625,333,"POSE","0310","0310","Spionidae indet.","SR","D","T","Om","sed/pom/mic/dia/phy","De/Su","SR-De"
"Spionidae","Animalia","Annelida","Polychaeta","Sedentaria","Canalipalpata","","","Spionida","","Spionidae","Spio","","","","","Spioniformia","","","","","","","","Spionidae","E4C",11,2015,4,"E4",44,"Spionidae sp.","913",129625,367,"POSE","0310","0310","Spionidae indet.","SR","D","T","Om","sed/pom/mic/dia/phy","De/Su","SR-De"
"Spionidae","Animalia","Annelida","Polychaeta","Sedentaria","Canalipalpata","","","Spionida","","Spionidae","Spio","","","","","Spioniformia","","","","","","","","Spionidae","C4C",45,2013,1,"C4",45,"Spionidae sp.","913",129625,375,"POSE","0310","0310","Spionidae indet.","SR","D","T","Om","sed/pom/mic/dia/phy","De/Su","SR-De"
"Spionidae","Animalia","Annelida","Polychaeta","Sedentaria","Canalipalpata","","","Spionida","","Spionidae","Spio","","","","","Spioniformia","","","","","","","","Spionidae","E3B",16,2014,4,"E3",64,"Spionidae sp.","913",129625,533,"POSE","0310","0310","Spionidae indet.","SR","D","T","Om","sed/pom/mic/dia/phy","De/Su","SR-De"
"Spionidae","Animalia","Annelida","Polychaeta","Sedentaria","Canalipalpata","","","Spionida","","Spionidae","Spio","","","","","Spioniformia","","","","","","","","Spionidae","E3A",12,2014,4,"E3",48,"Spionidae sp.","913",129625,400,"POSE","0310","0310","Spionidae indet.","SR","D","T","Om","sed/pom/mic/dia/phy","De/Su","SR-De"
"Syllis","Animalia","Annelida","Polychaeta","Errantia","","","","Phyllodocida","","Syllidae","Syllis","Syllis cornuta","Syllinae","","","Nereidiformia","","","","","","","","Syllis cornuta","E3",7,1999,1,"E3",7,"Syllis cornuta","157583",157583,311,"POER","0228","1180","Syllis sp.","SR","M","F","Ca","mei","Pr","SR-Pr-mei"
"Terebellides","Animalia","Annelida","Polychaeta","Sedentaria","Canalipalpata","","","Terebellida","","Trichobranchidae","Terebellides","Terebellides stroemi","","","","Terebelliformia","","","","","","","","Terebellides stroemii","B5",25,1999,1,"B5",25,"Terebellides stroemi","183466",183466,1111,"POSE","0316","1920","Terebellides sp.","SR","S","T","Om","sed/pom/mic/dia","De","SR-De"
"Terebellides","Animalia","Annelida","Polychaeta","Sedentaria","Canalipalpata","","","Terebellida","","Trichobranchidae","Terebellides","Terebellides stroemi","","","","Terebelliformia","","","","","","","","Terebellides stroemii","E3",16,1999,1,"E3",16,"Terebellides stroemi","183466",183466,711,"POSE","0316","1920","Terebellides sp.","SR","S","T","Om","sed/pom/mic/dia","De","SR-De"
"Tubificoides","Animalia","Annelida","Clitellata","Oligochaeta","","","","Tubificida","","Tubificidae","","","","","","Tubificina","","","","","","","","Tubificoides kozloffi","E3C",25,2014,4,"E3",100,"Tubificidae","2040",2040,833,"ANOL","1136","0200","Tubificoides sp.","SS","M","F","Om","sed/pom/mic/dia","De","SS-De"
"Tubificoides","Animalia","Annelida","Clitellata","Oligochaeta","","","","Tubificida","","Tubificidae","","","","","","Tubificina","","","","","","","","Tubificoides kozloffi","E4C",29,2014,4,"E4",116,"Tubificidae","2040",2040,967,"ANOL","1136","0200","Tubificoides sp.","SS","M","F","Om","sed/pom/mic/dia","De","SS-De"
"Tubificoides","Animalia","Annelida","Clitellata","Oligochaeta","","","","Tubificida","","Tubificidae","","","","","","Tubificina","","","","","","","","Tubificoides kozloffi","E4A",44,2014,1,"E4",44,"Tubificidae","2040",2040,367,"ANOL","1136","0200","Tubificoides sp.","SS","M","F","Om","sed/pom/mic/dia","De","SS-De"
"Tubificoides","Animalia","Annelida","Clitellata","Oligochaeta","","","","Tubificida","","Tubificidae","","","","","","Tubificina","","","","","","","","Tubificoides kozloffi","E3A",13,2014,4,"E3",52,"Tubificidae","2040",2040,433,"ANOL","1136","0200","Tubificoides sp.","SS","M","F","Om","sed/pom/mic/dia","De","SS-De"
"Tubificoides","Animalia","Annelida","Clitellata","Oligochaeta","","","","Tubificida","","Tubificidae","","","","","","Tubificina","","","","","","","","Tubificoides kozloffi","E4B",56,2014,1,"E4",56,"Tubificidae","2040",2040,467,"ANOL","1136","0200","Tubificoides sp.","SS","M","F","Om","sed/pom/mic/dia","De","SS-De"
"Tubificoides","Animalia","Annelida","Clitellata","Oligochaeta","","","","Tubificida","","Naididae","Tubificoides","Tubificoides kozloffi","Tubificinae","","","Tubificina","","","","","","","","Tubificoides kozloffi","U2A",9,2013,8,"U2",72,"Tubicoides kozloffi","137580",137580,600,"ANOL","1136","0200","Tubificoides sp.","SS","M","F","Om","sed/pom/mic/dia","De","SS-De"
"Tubificoides","Animalia","Annelida","Clitellata","Oligochaeta","","","","Tubificida","","Naididae","Tubificoides","Tubificoides kozloffi","Tubificinae","","","Tubificina","","","","","","","","Tubificoides kozloffi","U2C",5,2013,8,"U2",40,"Tubicoides kozloffi","137580",137580,333,"ANOL","1136","0200","Tubificoides sp.","SS","M","F","Om","sed/pom/mic/dia","De","SS-De"
"Tubificoides","Animalia","Annelida","Clitellata","Oligochaeta","","","","Tubificida","","Naididae","Tubificoides","Tubificoides kozloffi","Tubificinae","","","Tubificina","","","","","","","","Tubificoides kozloffi","E3B",28,2014,4,"E3",112,"Tubificoides kozloffi","137580",137580,933,"ANOL","1136","0200","Tubificoides sp.","SS","M","F","Om","sed/pom/mic/dia","De","SS-De"
"Tubificoides","Animalia","Annelida","Clitellata","Oligochaeta","","","","Tubificida","","Naididae","Tubificoides","Tubificoides kozloffi","Tubificinae","","","Tubificina","","","","","","","","Tubificoides kozloffi","E3A",12,2014,4,"E3",48,"Tubificoides kozloffi","137580",137580,400,"ANOL","1136","0200","Tubificoides sp.","SS","M","F","Om","sed/pom/mic/dia","De","SS-De"
"Tubificoides","Animalia","Annelida","Clitellata","Oligochaeta","","","","Tubificida","","Naididae","Tubificoides","Tubificoides kozloffi","Tubificinae","","","Tubificina","","","","","","","","Tubificoides kozloffi","U2B",9,2013,8,"U2",72,"Tubicoides kozloffi","137580",137580,600,"ANOL","1136","0200","Tubificoides sp.","SS","M","F","Om","sed/pom/mic/dia","De","SS-De"
